case,n_F,AverageVel_x,AverageVel_y,AverageVel_z,LatticeViscosity,GradPx,Permeability_x,Permeability_y,Permeability_z
1,0.7661625,3.48599E-06,3.74913E-06,4.18494E-06,0.166667,2.51256E-07,2.31237,2.48692,2.77601
2,0.7826965,4.9853E-06,5.5092E-06,5.57589E-06,0.166667,2.51256E-07,3.30691,3.65444,3.69868
3,0.791185249999999,5.26598E-06,5.92231E-06,5.92044E-06,0.166667,2.51256E-07,3.4931,3.92847,3.92723
4,0.774057249999999,3.41743E-06,3.72016E-06,4.29261E-06,0.166667,2.51256E-07,2.26689,2.4677,2.84743
5,0.776779875,3.41538E-06,3.76134E-06,4.68006E-06,0.166667,2.51256E-07,2.26553,2.49502,3.10444
6,0.777623874999999,3.70516E-06,3.7271E-06,5.02773E-06,0.166667,2.51256E-07,2.45775,2.47231,3.33506
7,0.781116375,4.07813E-06,4.07676E-06,4.77776E-06,0.166667,2.51256E-07,2.70516,2.70425,3.16925
8,0.7877865,4.51612E-06,4.61172E-06,5.0486E-06,0.166667,2.51256E-07,2.99569,3.05911,3.3489
9,0.791656124999999,4.68077E-06,5.13631E-06,4.79761E-06,0.166667,2.51256E-07,3.10491,3.40708,3.18241
10,0.78731175,4.17731E-06,4.97064E-06,4.7523E-06,0.166667,2.51256E-07,2.77095,3.29719,3.15236
11,0.784557625,4.11997E-06,4.6321E-06,4.60561E-06,0.166667,2.51256E-07,2.73291,3.07263,3.05505
12,0.774539625,4.11533E-06,4.49362E-06,3.96438E-06,0.166667,2.51256E-07,2.72984,2.98077,2.6297
13,0.780415,4.32799E-06,4.10404E-06,4.68298E-06,0.166667,2.51256E-07,2.8709,2.72234,3.10638
14,0.782170375,4.60825E-06,5.08394E-06,5.00162E-06,0.166667,2.51256E-07,3.05681,3.37235,3.31774
15,0.7827605,3.59165E-06,3.72849E-06,4.63398E-06,0.166667,2.51256E-07,2.38246,2.47323,3.07387
16,0.784564875,3.64393E-06,3.79874E-06,4.87725E-06,0.166667,2.51256E-07,2.41714,2.51983,3.23525
17,0.790494,4.15111E-06,4.09882E-06,5.62556E-06,0.166667,2.51256E-07,2.75357,2.71888,3.73162
18,0.795227875,4.59967E-06,4.80597E-06,5.41339E-06,0.166667,2.51256E-07,3.05111,3.18796,3.59088
19,0.79363675,4.5738E-06,4.97701E-06,5.0933E-06,0.166667,2.51256E-07,3.03395,3.30142,3.37856
20,0.794638375,4.85894E-06,5.26455E-06,4.81617E-06,0.166667,2.51256E-07,3.2231,3.49215,3.19472
21,0.797240625,4.62767E-06,5.43702E-06,5.13158E-06,0.166667,2.51256E-07,3.06969,3.60656,3.40395
22,0.794667,4.44355E-06,5.18791E-06,5.61086E-06,0.166667,2.51256E-07,2.94755,3.44132,3.72187
23,0.78106925,4.37401E-06,4.52103E-06,4.56552E-06,0.166667,2.51256E-07,2.90143,2.99895,3.02846
24,0.78558775,4.43222E-06,4.45157E-06,5.29794E-06,0.166667,2.51256E-07,2.94004,2.95287,3.5143
25,0.785811375,4.74965E-06,5.08656E-06,5.51905E-06,0.166667,2.51256E-07,3.1506,3.37409,3.66097
26,0.793926250000001,4.52138E-06,5.05684E-06,5.01267E-06,0.166667,2.51256E-07,2.99918,3.35437,3.32507
27,0.79592825,4.54209E-06,5.16027E-06,5.55648E-06,0.166667,2.51256E-07,3.01292,3.42298,3.6858
28,0.79346175,4.23303E-06,4.78147E-06,5.52451E-06,0.166667,2.51256E-07,2.80791,3.17171,3.66459
29,0.796674375,4.61948E-06,4.77051E-06,5.57527E-06,0.166667,2.51256E-07,3.06426,3.16444,3.69826
30,0.797902625,4.31028E-06,4.78307E-06,5.17484E-06,0.166667,2.51256E-07,2.85915,3.17277,3.43264
31,0.79609125,4.40684E-06,4.85308E-06,4.90069E-06,0.166667,2.51256E-07,2.9232,3.21921,3.25079
32,0.800691500000001,4.58313E-06,4.89628E-06,5.7201E-06,0.166667,2.51256E-07,3.04014,3.24787,3.79433
33,0.799333,4.58648E-06,4.91899E-06,6.01112E-06,0.166667,2.51256E-07,3.04236,3.26293,3.98737
34,0.78682375,4.41152E-06,4.63828E-06,4.83706E-06,0.166667,2.51256E-07,2.92631,3.07673,3.20858
35,0.788412624999999,4.28788E-06,4.50439E-06,5.66326E-06,0.166667,2.51256E-07,2.8443,2.98791,3.75663
36,0.7862815,4.28842E-06,4.58459E-06,5.53106E-06,0.166667,2.51256E-07,2.84465,3.04111,3.66893
37,0.7895795,5.25069E-06,5.37206E-06,4.70366E-06,0.166667,2.51256E-07,3.48296,3.56346,3.1201
38,0.794762500000001,4.91777E-06,5.40173E-06,5.31689E-06,0.166667,2.51256E-07,3.26212,3.58315,3.52687
39,0.79292825,4.12948E-06,4.2405E-06,5.07326E-06,0.166667,2.51256E-07,2.73922,2.81286,3.36526
40,0.79888575,4.08397E-06,4.57915E-06,5.52875E-06,0.166667,2.51256E-07,2.70903,3.0375,3.6674
41,0.79900225,3.85619E-06,4.5728E-06,5.4937E-06,0.166667,2.51256E-07,2.55794,3.03329,3.64415
42,0.806594125,6.85078E-06,6.29061E-06,5.53235E-06,0.166667,2.51256E-07,4.54435,4.17277,3.66979
43,0.811995625,7.91062E-06,7.24779E-06,6.64934E-06,0.166667,2.51256E-07,5.24738,4.8077,4.41073
44,0.808877,7.16974E-06,6.17622E-06,6.26026E-06,0.166667,2.51256E-07,4.75593,4.09689,4.15264
45,0.787837624999999,4.38307E-06,4.53058E-06,5.01966E-06,0.166667,2.51256E-07,2.90743,3.00528,3.32971
46,0.79517675,4.56518E-06,5.21221E-06,5.9853E-06,0.166667,2.51256E-07,3.02824,3.45743,3.97025
47,0.786596,4.09894E-06,4.39767E-06,5.34877E-06,0.166667,2.51256E-07,2.71896,2.91712,3.54801
48,0.791548,5.02561E-06,4.93063E-06,4.72343E-06,0.166667,2.51256E-07,3.33366,3.27065,3.13321
49,0.8008115,4.82142E-06,4.98779E-06,5.26136E-06,0.166667,2.51256E-07,3.19821,3.30857,3.49004
50,0.798569875,4.08594E-06,4.52025E-06,4.76221E-06,0.166667,2.51256E-07,2.71034,2.99843,3.15893
51,0.80152825,4.16406E-06,4.89234E-06,5.40277E-06,0.166667,2.51256E-07,2.76216,3.24525,3.58384
52,0.80283925,4.16468E-06,5.33402E-06,5.9524E-06,0.166667,2.51256E-07,2.76257,3.53823,3.94843
53,0.79163475,4.28382E-06,4.62299E-06,5.09293E-06,0.166667,2.51256E-07,2.8416,3.06659,3.37831
54,0.79454375,5.10173E-06,5.57749E-06,5.89198E-06,0.166667,2.51256E-07,3.38414,3.69974,3.90834
55,0.788783875,4.09248E-06,4.71958E-06,5.26111E-06,0.166667,2.51256E-07,2.71468,3.13066,3.48987
56,0.794524875,4.52337E-06,5.00638E-06,4.92097E-06,0.166667,2.51256E-07,3.0005,3.3209,3.26424
57,0.803188875,4.50651E-06,5.66275E-06,5.55596E-06,0.166667,2.51256E-07,2.98932,3.75629,3.68546
58,0.80250675,4.36364E-06,5.70629E-06,5.21522E-06,0.166667,2.51256E-07,2.89454,3.78517,3.45943
59,0.80138775,4.50596E-06,5.07501E-06,5.8953E-06,0.166667,2.51256E-07,2.98895,3.36642,3.91055
60,0.801312125,4.48921E-06,5.30951E-06,6.46155E-06,0.166667,2.51256E-07,2.97784,3.52197,4.28616
61,0.815020625,6.50562E-06,6.10735E-06,7.09463E-06,0.166667,2.51256E-07,4.3154,4.05121,4.7061
62,0.812880875000001,6.35443E-06,6.98384E-06,7.96142E-06,0.166667,2.51256E-07,4.21511,4.63261,5.28108
63,0.80484475,5.44158E-06,6.31071E-06,6.26863E-06,0.166667,2.51256E-07,3.60958,4.18611,4.15819
64,0.793416375,4.22043E-06,4.86594E-06,5.44873E-06,0.166667,2.51256E-07,2.79955,3.22774,3.61433
65,0.796086625,5.18575E-06,5.69137E-06,5.59076E-06,0.166667,2.51256E-07,3.43988,3.77528,3.70854
66,0.7975265,4.74222E-06,5.4422E-06,5.46383E-06,0.166667,2.51256E-07,3.14567,3.60999,3.62434
67,0.801373625000001,4.93201E-06,5.54036E-06,5.59895E-06,0.166667,2.51256E-07,3.27157,3.67511,3.71397
68,0.805837125,4.545E-06,6.15591E-06,5.49175E-06,0.166667,2.51256E-07,3.01485,4.08342,3.64286
69,0.808084749999999,4.48224E-06,5.87473E-06,6.0553E-06,0.166667,2.51256E-07,2.97322,3.8969,4.01668
70,0.802404,4.57099E-06,4.87368E-06,6.70444E-06,0.166667,2.51256E-07,3.03209,3.23288,4.44728
71,0.80510275,4.61948E-06,5.30835E-06,6.3023E-06,0.166667,2.51256E-07,3.06426,3.52121,4.18052
72,0.803193,4.87667E-06,5.30012E-06,5.55864E-06,0.166667,2.51256E-07,3.23486,3.51574,3.68723
73,0.80651,5.20639E-06,6.19887E-06,7.3384E-06,0.166667,2.51256E-07,3.45357,4.11192,4.86781
74,0.7986035,4.54434E-06,6.17641E-06,6.28387E-06,0.166667,2.51256E-07,3.01441,4.09702,4.1683
75,0.794503374999999,4.58835E-06,5.96963E-06,5.70016E-06,0.166667,2.51256E-07,3.0436,3.95985,3.7811
76,0.791563875,4.49791E-06,4.94043E-06,5.09725E-06,0.166667,2.51256E-07,2.98361,3.27715,3.38118
77,0.794566125,4.84026E-06,5.7968E-06,5.52314E-06,0.166667,2.51256E-07,3.2107,3.84521,3.66369
78,0.7986165,5.11942E-06,5.17822E-06,5.83642E-06,0.166667,2.51256E-07,3.39588,3.43489,3.87149
79,0.801552125,4.71806E-06,4.88038E-06,5.68321E-06,0.166667,2.51256E-07,3.12965,3.23732,3.76986
80,0.806656124999999,4.68554E-06,5.1826E-06,6.70746E-06,0.166667,2.51256E-07,3.10808,3.43779,4.44928
81,0.8035135,4.27555E-06,4.83094E-06,6.99588E-06,0.166667,2.51256E-07,2.83612,3.20452,4.6406
82,0.808159875,4.64813E-06,7.13124E-06,7.43432E-06,0.166667,2.51256E-07,3.08326,4.73039,4.93144
83,0.80388325,4.45384E-06,7.84829E-06,6.76539E-06,0.166667,2.51256E-07,2.95438,5.20603,4.48771
84,0.80234875,4.76739E-06,6.69205E-06,6.36733E-06,0.166667,2.51256E-07,3.16237,4.43906,4.22366
85,0.79447975,4.51423E-06,5.42004E-06,6.5344E-06,0.166667,2.51256E-07,2.99444,3.5953,4.33449
86,0.79567975,5.05312E-06,5.97474E-06,6.40349E-06,0.166667,2.51256E-07,3.3519,3.96325,4.24765
87,0.791526125,4.17539E-06,5.19823E-06,5.37667E-06,0.166667,2.51256E-07,2.76968,3.44816,3.56652
88,0.793476375,5.15942E-06,5.68892E-06,5.54566E-06,0.166667,2.51256E-07,3.42241,3.77365,3.67862
89,0.795579624999999,5.86352E-06,5.11821E-06,5.83523E-06,0.166667,2.51256E-07,3.88947,3.39508,3.8707
90,0.800445625,5.68996E-06,4.7876E-06,6.45329E-06,0.166667,2.51256E-07,3.77434,3.17577,4.28068
91,0.803779249999999,5.21344E-06,5.00848E-06,6.98556E-06,0.166667,2.51256E-07,3.45825,3.32229,4.63376
92,0.801330875,4.57218E-06,4.99151E-06,6.8998E-06,0.166667,2.51256E-07,3.03288,3.31103,4.57686
93,0.8060955,4.90876E-06,6.07169E-06,7.10933E-06,0.166667,2.51256E-07,3.25614,4.02755,4.71586
94,0.806895375,5.34202E-06,6.60521E-06,7.28878E-06,0.166667,2.51256E-07,3.54354,4.38145,4.83489
95,0.803614499999999,5.29375E-06,5.59709E-06,6.06767E-06,0.166667,2.51256E-07,3.51152,3.71274,4.02489
96,0.796267875,4.6458E-06,5.10716E-06,5.94968E-06,0.166667,2.51256E-07,3.08172,3.38775,3.94662
97,0.796975625,4.94281E-06,5.66588E-06,5.89374E-06,0.166667,2.51256E-07,3.27873,3.75837,3.90952
98,0.78302375,4.52499E-06,4.66088E-06,5.04435E-06,0.166667,2.51256E-07,3.00158,3.09172,3.34608
99,0.793566625,4.92073E-06,5.66427E-06,5.70968E-06,0.166667,2.51256E-07,3.26408,3.7573,3.78742
100,0.78748725,4.86627E-06,4.67672E-06,5.59673E-06,0.166667,2.51256E-07,3.22796,3.10222,3.7125
101,0.802177125,5.97039E-06,5.09367E-06,6.63233E-06,0.166667,2.51256E-07,3.96036,3.3788,4.39944
102,0.804174000000001,6.00521E-06,5.15202E-06,7.25637E-06,0.166667,2.51256E-07,3.98345,3.4175,4.81339
103,0.800778375,5.41776E-06,4.99312E-06,6.71704E-06,0.166667,2.51256E-07,3.59378,3.3121,4.45563
104,0.79870275,5.50447E-06,5.19803E-06,7.03814E-06,0.166667,2.51256E-07,3.6513,3.44803,4.66863
105,0.802184,5.90352E-06,5.5781E-06,7.00552E-06,0.166667,2.51256E-07,3.916,3.70014,4.647
106,0.80875475,5.74107E-06,5.8617E-06,6.86242E-06,0.166667,2.51256E-07,3.80824,3.88826,4.55207
107,0.80472,5.54408E-06,5.73296E-06,6.39521E-06,0.166667,2.51256E-07,3.67757,3.80286,4.24216
108,0.797441875,5.22552E-06,5.92518E-06,5.5428E-06,0.166667,2.51256E-07,3.46626,3.93037,3.67672
109,0.769795375,3.50803E-06,3.70602E-06,4.30361E-06,0.166667,2.51256E-07,2.327,2.45833,2.85473
110,0.788870875,5.04272E-06,5.23166E-06,6.23958E-06,0.166667,2.51256E-07,3.34501,3.47033,4.13892
111,0.790219625000001,4.72744E-06,5.25851E-06,5.39657E-06,0.166667,2.51256E-07,3.13587,3.48814,3.57973
112,0.783071,4.54275E-06,4.03712E-06,4.87648E-06,0.166667,2.51256E-07,3.01336,2.67796,3.23473
113,0.787907875,4.69896E-06,4.75723E-06,5.69292E-06,0.166667,2.51256E-07,3.11698,3.15563,3.7763
114,0.790739125,4.3162E-06,4.74166E-06,5.91146E-06,0.166667,2.51256E-07,2.86308,3.1453,3.92127
115,0.7964295,4.26916E-06,5.10071E-06,5.81251E-06,0.166667,2.51256E-07,2.83188,3.38347,3.85563
116,0.796999125,4.5169E-06,4.98413E-06,5.70781E-06,0.166667,2.51256E-07,2.99621,3.30614,3.78618
117,0.797083125,4.6491E-06,4.927E-06,5.75052E-06,0.166667,2.51256E-07,3.0839,3.26824,3.81451
118,0.79475625,4.63447E-06,4.71723E-06,6.00422E-06,0.166667,2.51256E-07,3.0742,3.1291,3.9828
119,0.794552750000001,4.29278E-06,4.79159E-06,5.85419E-06,0.166667,2.51256E-07,2.84755,3.17842,3.88328
120,0.785712125,4.24383E-06,4.73285E-06,5.17069E-06,0.166667,2.51256E-07,2.81507,3.13946,3.42989
121,0.772034,3.57603E-06,3.80146E-06,4.75625E-06,0.166667,2.51256E-07,2.3721,2.52163,3.15498
122,0.7868285,4.43809E-06,4.68743E-06,6.31566E-06,0.166667,2.51256E-07,2.94393,3.10933,4.18939
123,0.783182375,4.49785E-06,4.59096E-06,5.26183E-06,0.166667,2.51256E-07,2.98357,3.04534,3.49035
124,0.78718825,4.51201E-06,5.0345E-06,5.34238E-06,0.166667,2.51256E-07,2.99297,3.33955,3.54378
125,0.791944375,4.34957E-06,4.55717E-06,5.61088E-06,0.166667,2.51256E-07,2.88521,3.02292,3.72188
126,0.797870874999999,4.00425E-06,4.99465E-06,5.94613E-06,0.166667,2.51256E-07,2.65615,3.31312,3.94427
127,0.799384125,3.85847E-06,4.98222E-06,5.94893E-06,0.166667,2.51256E-07,2.55945,3.30487,3.94612
128,0.802537375,4.38796E-06,5.85495E-06,6.04402E-06,0.166667,2.51256E-07,2.91068,3.88379,4.0092
129,0.799437125,4.75125E-06,6.0374E-06,6.11288E-06,0.166667,2.51256E-07,3.15166,4.00481,4.05488
130,0.798098875000001,4.85655E-06,5.51442E-06,5.66971E-06,0.166667,2.51256E-07,3.22151,3.6579,3.7609
131,0.792071875,4.54557E-06,5.20974E-06,5.2893E-06,0.166667,2.51256E-07,3.01523,3.45579,3.50857
132,0.777383125,3.90829E-06,4.05518E-06,5.01943E-06,0.166667,2.51256E-07,2.5925,2.68994,3.32956
133,0.790214125,4.55834E-06,5.26617E-06,6.14202E-06,0.166667,2.51256E-07,3.0237,3.49323,4.07421
134,0.789358875,4.62377E-06,5.35073E-06,4.98217E-06,0.166667,2.51256E-07,3.0671,3.54932,3.30484
135,0.793011000000001,4.37066E-06,5.0478E-06,5.26152E-06,0.166667,2.51256E-07,2.8992,3.34837,3.49014
136,0.792939,3.96612E-06,4.54171E-06,5.27826E-06,0.166667,2.51256E-07,2.63086,3.01267,3.50125
137,0.795586,3.64581E-06,4.72571E-06,5.69328E-06,0.166667,2.51256E-07,2.41838,3.13472,3.77654
138,0.7971295,3.55812E-06,5.00523E-06,5.99028E-06,0.166667,2.51256E-07,2.36022,3.32013,3.97355
139,0.807095,4.28902E-06,8.46848E-06,6.55433E-06,0.166667,2.51256E-07,2.84505,5.61743,4.34771
140,0.805806875,4.71126E-06,8.31655E-06,6.6001E-06,0.166667,2.51256E-07,3.12514,5.51665,4.37807
141,0.803134125,4.89365E-06,6.88395E-06,5.8246E-06,0.166667,2.51256E-07,3.24612,4.56635,3.86365
142,0.793454375,4.43216E-06,5.04375E-06,5.3329E-06,0.166667,2.51256E-07,2.94,3.34568,3.53749
143,0.7825985,4.4494E-06,4.67874E-06,5.21616E-06,0.166667,2.51256E-07,2.95144,3.10356,3.46005
144,0.791984375,4.43856E-06,5.27421E-06,5.7297E-06,0.166667,2.51256E-07,2.94425,3.49856,3.8007
145,0.798784375,5.2441E-06,5.5757E-06,5.58833E-06,0.166667,2.51256E-07,3.47859,3.69855,3.70693
146,0.807261875,5.40005E-06,6.11652E-06,6.12059E-06,0.166667,2.51256E-07,3.58204,4.05729,4.05999
147,0.805699625,5.48402E-06,6.29516E-06,6.01464E-06,0.166667,2.51256E-07,3.63774,4.17579,3.98971
148,0.797489625,4.59063E-06,5.03887E-06,5.82874E-06,0.166667,2.51256E-07,3.04512,3.34245,3.8664
149,0.7998395,4.44577E-06,5.18872E-06,6.37798E-06,0.166667,2.51256E-07,2.94902,3.44185,4.23073
150,0.802377999999999,4.19939E-06,5.14779E-06,6.04101E-06,0.166667,2.51256E-07,2.78559,3.4147,4.0072
151,0.797159125,3.98414E-06,5.08872E-06,5.69592E-06,0.166667,2.51256E-07,2.64281,3.37552,3.7783
152,0.79953025,4.55643E-06,5.54959E-06,5.60232E-06,0.166667,2.51256E-07,3.02243,3.68123,3.7162
153,0.797462,4.88138E-06,5.87764E-06,5.34171E-06,0.166667,2.51256E-07,3.23798,3.89883,3.54333
154,0.78995525,4.74238E-06,5.64718E-06,5.46423E-06,0.166667,2.51256E-07,3.14578,3.74596,3.6246
155,0.80032375,5.14047E-06,5.80984E-06,6.02665E-06,0.166667,2.51256E-07,3.40984,3.85386,3.99768
156,0.80541925,5.44383E-06,7.33506E-06,6.08971E-06,0.166667,2.51256E-07,3.61107,4.86559,4.03951
157,0.81450225,6.03361E-06,8.11419E-06,6.33654E-06,0.166667,2.51256E-07,4.00229,5.38241,4.20324
158,0.81237125,6.23662E-06,7.56403E-06,6.64946E-06,0.166667,2.51256E-07,4.13696,5.01747,4.41081
159,0.800300875,5.12728E-06,4.99054E-06,6.42119E-06,0.166667,2.51256E-07,3.4011,3.31039,4.25939
160,0.79933875,4.76354E-06,5.31665E-06,6.01832E-06,0.166667,2.51256E-07,3.15981,3.52671,3.99215
161,0.79905675,4.48146E-06,5.31808E-06,5.65189E-06,0.166667,2.51256E-07,2.9727,3.52766,3.74909
162,0.79923775,4.50406E-06,5.59689E-06,6.625E-06,0.166667,2.51256E-07,2.98769,3.7126,4.39458
163,0.808129875,5.30996E-06,7.7624E-06,7.61931E-06,0.166667,2.51256E-07,3.52227,5.14906,5.05414
164,0.801203,5.55021E-06,8.04968E-06,5.84122E-06,0.166667,2.51256E-07,3.68164,5.33962,3.87468
165,0.787047625,4.16887E-06,5.02889E-06,5.31644E-06,0.166667,2.51256E-07,2.76535,3.33583,3.52657
166,0.797006125,5.0231E-06,5.85715E-06,5.72422E-06,0.166667,2.51256E-07,3.33199,3.88524,3.79706
167,0.797634375,4.82742E-06,5.48926E-06,5.81174E-06,0.166667,2.51256E-07,3.20219,3.64121,3.85512
168,0.805086875000001,5.1449E-06,6.05874E-06,6.04037E-06,0.166667,2.51256E-07,3.41278,4.01897,4.00678
169,0.805386375000001,5.1992E-06,5.63245E-06,6.30616E-06,0.166667,2.51256E-07,3.4488,3.73619,4.18309
170,0.7997775,4.47381E-06,4.25845E-06,6.58957E-06,0.166667,2.51256E-07,2.96762,2.82477,4.37108
171,0.801927875,4.75892E-06,5.13348E-06,7.38386E-06,0.166667,2.51256E-07,3.15675,3.40521,4.89796
172,0.799838000000001,4.73611E-06,5.72621E-06,6.12045E-06,0.166667,2.51256E-07,3.14162,3.79839,4.0599
173,0.796665749999999,4.49646E-06,5.35155E-06,6.02492E-06,0.166667,2.51256E-07,2.98265,3.54986,3.99653
174,0.805091624999999,5.26909E-06,7.38988E-06,7.40892E-06,0.166667,2.51256E-07,3.49517,4.90196,4.91458
175,0.80445675,5.84901E-06,7.88689E-06,6.26081E-06,0.166667,2.51256E-07,3.87985,5.23164,4.153
176,0.7794045,3.98359E-06,4.67539E-06,4.80714E-06,0.166667,2.51256E-07,2.64245,3.10134,3.18874
177,0.798472250000001,5.2031E-06,5.98823E-06,5.70484E-06,0.166667,2.51256E-07,3.45139,3.9722,3.78421
178,0.785292375,5.22325E-06,5.01008E-06,5.268E-06,0.166667,2.51256E-07,3.46476,3.32335,3.49444
179,0.7899425,4.89165E-06,4.8774E-06,6.11469E-06,0.166667,2.51256E-07,3.24479,3.23534,4.05608
180,0.797369125,5.01448E-06,5.05131E-06,6.21195E-06,0.166667,2.51256E-07,3.32627,3.3507,4.12059
181,0.79679075,4.50154E-06,4.93284E-06,6.80869E-06,0.166667,2.51256E-07,2.98602,3.27212,4.51643
182,0.799979875,4.91505E-06,6.24547E-06,7.37012E-06,0.166667,2.51256E-07,3.26032,4.14283,4.88885
183,0.79914075,5.45579E-06,6.22772E-06,6.8125E-06,0.166667,2.51256E-07,3.61901,4.13106,4.51896
184,0.797263,5.62253E-06,5.45778E-06,6.02149E-06,0.166667,2.51256E-07,3.72961,3.62033,3.99425
185,0.79377375,5.05981E-06,5.08184E-06,6.07421E-06,0.166667,2.51256E-07,3.35634,3.37095,4.02922
186,0.7913255,4.94922E-06,5.39024E-06,5.59459E-06,0.166667,2.51256E-07,3.28298,3.57552,3.71108
187,0.773126500000001,4.25311E-06,4.46009E-06,4.32029E-06,0.166667,2.51256E-07,2.82123,2.95853,2.86579
188,0.791054375,4.92551E-06,5.62446E-06,5.60177E-06,0.166667,2.51256E-07,3.26725,3.73089,3.71584
189,0.791801250000001,5.60779E-06,6.09485E-06,5.91363E-06,0.166667,2.51256E-07,3.71984,4.04292,3.92271
190,0.79530575,5.25575E-06,5.75991E-06,6.46978E-06,0.166667,2.51256E-07,3.48631,3.82074,4.29162
191,0.79727925,5.43319E-06,5.24041E-06,6.36342E-06,0.166667,2.51256E-07,3.60402,3.47614,4.22107
192,0.796217,5.21089E-06,4.9218E-06,6.20933E-06,0.166667,2.51256E-07,3.45655,3.2648,4.11885
193,0.79955,5.4007E-06,5.67643E-06,6.90569E-06,0.166667,2.51256E-07,3.58246,3.76537,4.58078
194,0.797760375000001,6.03509E-06,5.77173E-06,6.96189E-06,0.166667,2.51256E-07,4.00327,3.82858,4.61805
195,0.803505,6.86481E-06,6.31106E-06,7.15014E-06,0.166667,2.51256E-07,4.55366,4.18634,4.74293
196,0.798283,6.4837E-06,5.91746E-06,6.66804E-06,0.166667,2.51256E-07,4.30086,3.92525,4.42313
197,0.794483625,5.51544E-06,6.09495E-06,5.81078E-06,0.166667,2.51256E-07,3.65857,4.04298,3.85448
198,0.755451125,2.21314E-06,2.42054E-06,2.26487E-06,0.166667,2.51256E-07,1.46805,1.60563,1.50237
199,0.757882999999999,2.28443E-06,2.51326E-06,2.22611E-06,0.166667,2.51256E-07,1.51534,1.66713,1.47665
200,0.779223375,2.58521E-06,2.67021E-06,2.61901E-06,0.166667,2.51256E-07,1.71486,1.77124,1.73728
201,0.7836875,2.73328E-06,2.85279E-06,2.75715E-06,0.166667,2.51256E-07,1.81308,1.89235,1.82891
202,0.785123,2.80337E-06,2.8966E-06,2.84588E-06,0.166667,2.51256E-07,1.85957,1.92141,1.88777
203,0.784992624999999,2.79405E-06,2.95592E-06,2.87363E-06,0.166667,2.51256E-07,1.85339,1.96076,1.90618
204,0.78412425,2.81664E-06,2.91402E-06,2.79432E-06,0.166667,2.51256E-07,1.86837,1.93297,1.85357
205,0.781596750000001,2.73137E-06,2.81204E-06,2.67477E-06,0.166667,2.51256E-07,1.81181,1.86532,1.77427
206,0.76991175,2.42377E-06,2.74841E-06,2.47972E-06,0.166667,2.51256E-07,1.60777,1.82311,1.64488
207,0.777210625,2.53498E-06,2.75423E-06,2.61974E-06,0.166667,2.51256E-07,1.68154,1.82697,1.73776
208,0.7813675,2.66819E-06,2.71241E-06,2.8026E-06,0.166667,2.51256E-07,1.7699,1.79923,1.85906
209,0.763301125,2.28499E-06,2.44023E-06,2.30024E-06,0.166667,2.51256E-07,1.51571,1.61869,1.52582
210,0.78547,2.79096E-06,2.86792E-06,2.96003E-06,0.166667,2.51256E-07,1.85134,1.90239,1.96349
211,0.787572125,2.85265E-06,2.95578E-06,2.9343E-06,0.166667,2.51256E-07,1.89226,1.96067,1.94642
212,0.7885635,2.88268E-06,2.98855E-06,2.87835E-06,0.166667,2.51256E-07,1.91218,1.98241,1.90931
213,0.788021,2.90346E-06,2.96536E-06,2.79918E-06,0.166667,2.51256E-07,1.92596,1.96702,1.85679
214,0.78073575,2.68835E-06,2.78929E-06,2.58844E-06,0.166667,2.51256E-07,1.78327,1.85023,1.717
215,0.771190375,2.393E-06,2.70561E-06,2.54303E-06,0.166667,2.51256E-07,1.58735,1.79472,1.68688
216,0.77832575,2.56226E-06,2.7926E-06,2.72662E-06,0.166667,2.51256E-07,1.69963,1.85242,1.80866
217,0.7854365,2.86603E-06,2.98459E-06,3.13134E-06,0.166667,2.51256E-07,1.90113,1.97978,2.07712
218,0.789277125,2.94352E-06,3.13907E-06,3.28893E-06,0.166667,2.51256E-07,1.95254,2.08225,2.18165
219,0.767853125,2.4165E-06,2.48162E-06,2.4414E-06,0.166667,2.51256E-07,1.60295,1.64614,1.61946
220,0.7902405,2.90969E-06,3.16314E-06,3.06431E-06,0.166667,2.51256E-07,1.93009,2.09822,2.03266
221,0.791961125,2.92321E-06,3.22031E-06,2.99443E-06,0.166667,2.51256E-07,1.93906,2.13614,1.98631
222,0.792720375,3.01732E-06,3.29785E-06,3.0177E-06,0.166667,2.51256E-07,2.00149,2.18757,2.00174
223,0.784292125,2.78649E-06,3.01739E-06,2.67611E-06,0.166667,2.51256E-07,1.84837,2.00153,1.77515
224,0.770768125,2.40776E-06,2.61979E-06,2.51641E-06,0.166667,2.51256E-07,1.59715,1.73779,1.66922
225,0.777971875,2.59976E-06,2.8074E-06,2.71319E-06,0.166667,2.51256E-07,1.72451,1.86224,1.79975
226,0.784307249999999,2.91703E-06,3.00746E-06,3.0597E-06,0.166667,2.51256E-07,1.93497,1.99495,2.0296
227,0.786307625,2.91271E-06,3.04898E-06,3.1697E-06,0.166667,2.51256E-07,1.9321,2.02249,2.10257
228,0.785975625,2.8489E-06,3.02763E-06,2.9597E-06,0.166667,2.51256E-07,1.88977,2.00833,1.96327
229,0.768653875,2.47665E-06,2.4705E-06,2.46643E-06,0.166667,2.51256E-07,1.64285,1.63876,1.63607
230,0.786608,2.84901E-06,3.01877E-06,2.89582E-06,0.166667,2.51256E-07,1.88985,2.00245,1.92089
231,0.785319,2.90988E-06,2.97923E-06,2.87507E-06,0.166667,2.51256E-07,1.93022,1.97622,1.90713
232,0.786217625,2.98602E-06,2.9336E-06,2.72722E-06,0.166667,2.51256E-07,1.98073,1.94596,1.80906
233,0.772393125,2.48699E-06,2.61539E-06,2.57297E-06,0.166667,2.51256E-07,1.6497,1.73488,1.70674
234,0.775179375,2.58784E-06,2.71333E-06,2.6255E-06,0.166667,2.51256E-07,1.7166,1.79984,1.74158
235,0.777160125,2.73852E-06,2.70322E-06,2.77871E-06,0.166667,2.51256E-07,1.81655,1.79314,1.84321
236,0.77723325,2.64286E-06,2.65636E-06,2.70589E-06,0.166667,2.51256E-07,1.7531,1.76205,1.79491
237,0.774769625,2.55407E-06,2.60231E-06,2.63562E-06,0.166667,2.51256E-07,1.6942,1.7262,1.7483
238,0.77308825,2.53983E-06,2.57079E-06,2.59427E-06,0.166667,2.51256E-07,1.68475,1.70529,1.72087
239,0.770127625,2.4953E-06,2.51049E-06,2.54696E-06,0.166667,2.51256E-07,1.65522,1.66529,1.68948
240,0.772649875,2.57748E-06,2.5764E-06,2.5401E-06,0.166667,2.51256E-07,1.70973,1.70901,1.68493
241,0.783522375,2.90113E-06,2.84421E-06,2.8658E-06,0.166667,2.51256E-07,1.92442,1.88666,1.90098
242,0.773068875000001,2.5112E-06,2.67073E-06,2.67697E-06,0.166667,2.51256E-07,1.66577,1.77159,1.77572
243,0.775429875,2.60231E-06,2.72148E-06,2.7383E-06,0.166667,2.51256E-07,1.7262,1.80525,1.8164
244,0.77744975,2.70517E-06,2.69829E-06,2.79881E-06,0.166667,2.51256E-07,1.79443,1.78986,1.85654
245,0.779431875,3.57251E-06,4.2814E-06,2.57215E-06,0.166667,2.51256E-07,2.36977,2.84,1.70619
246,0.760191375,2.25659E-06,2.62245E-06,2.21438E-06,0.166667,2.51256E-07,1.49687,1.73956,1.46887
247,0.758535125,2.23824E-06,2.3429E-06,2.25343E-06,0.166667,2.51256E-07,1.4847,1.55412,1.49478
248,0.7660885,2.30414E-06,2.55844E-06,2.32512E-06,0.166667,2.51256E-07,1.52841,1.6971,1.54233
249,0.776075125,2.74053E-06,2.81984E-06,2.60252E-06,0.166667,2.51256E-07,1.81789,1.87049,1.72634
250,0.781604125,3.03121E-06,2.89603E-06,2.80668E-06,0.166667,2.51256E-07,2.01071,1.92104,1.86176
251,0.783548375,2.91901E-06,2.9057E-06,2.97243E-06,0.166667,2.51256E-07,1.93628,1.92745,1.97171
252,0.777298124999999,2.68147E-06,2.68999E-06,2.7445E-06,0.166667,2.51256E-07,1.77871,1.78436,1.82052
253,0.778743375,2.74855E-06,2.70554E-06,2.76841E-06,0.166667,2.51256E-07,1.82321,1.79467,1.83638
254,0.778144,2.75532E-06,2.59355E-06,2.75484E-06,0.166667,2.51256E-07,1.8277,1.72039,1.82738
255,0.779867875,3.95548E-06,4.217E-06,2.5564E-06,0.166667,2.51256E-07,2.6238,2.79727,1.69574
256,0.766010375,2.76806E-06,2.54102E-06,2.41859E-06,0.166667,2.51256E-07,1.83615,1.68554,1.60433
257,0.771206875,2.71979E-06,2.62217E-06,2.45657E-06,0.166667,2.51256E-07,1.80412,1.73937,1.62952
258,0.76000825,2.28908E-06,2.28472E-06,2.24797E-06,0.166667,2.51256E-07,1.51842,1.51553,1.49115
259,0.781451125,3.11956E-06,3.00877E-06,2.71403E-06,0.166667,2.51256E-07,2.06931,1.99582,1.80031
260,0.789863375,3.5063E-06,3.23753E-06,2.92947E-06,0.166667,2.51256E-07,2.32585,2.14756,1.94321
261,0.793702625,3.39231E-06,3.20702E-06,3.15673E-06,0.166667,2.51256E-07,2.25023,2.12733,2.09397
262,0.7840235,2.84543E-06,2.91739E-06,2.72087E-06,0.166667,2.51256E-07,1.88747,1.9352,1.80484
263,0.787076374999999,2.97521E-06,2.95305E-06,2.79899E-06,0.166667,2.51256E-07,1.97356,1.95886,1.85666
264,0.786695875,2.94746E-06,2.94569E-06,2.9501E-06,0.166667,2.51256E-07,1.95515,1.95398,1.9569
265,0.784106,4.1307E-06,4.62022E-06,2.64345E-06,0.166667,2.51256E-07,2.74003,3.06474,1.75349
266,0.77664425,3.52042E-06,3.08321E-06,2.81396E-06,0.166667,2.51256E-07,2.33521,2.04519,1.86659
267,0.777922125,3.12407E-06,2.85822E-06,2.62058E-06,0.166667,2.51256E-07,2.0723,1.89595,1.73832
268,0.782427875,3.17657E-06,3.03936E-06,2.71219E-06,0.166667,2.51256E-07,2.10712,2.01611,1.79909
269,0.760287875,2.30851E-06,2.3252E-06,2.26926E-06,0.166667,2.51256E-07,1.53131,1.54238,1.50528
270,0.791614625,3.50754E-06,3.42957E-06,2.9554E-06,0.166667,2.51256E-07,2.32667,2.27495,1.96042
271,0.793871625,3.37414E-06,3.32601E-06,2.99513E-06,0.166667,2.51256E-07,2.23818,2.20625,1.98677
272,0.78649325,2.96074E-06,2.95422E-06,2.70192E-06,0.166667,2.51256E-07,1.96396,1.95963,1.79227
273,0.78972525,3.02388E-06,3.03298E-06,2.85048E-06,0.166667,2.51256E-07,2.00584,2.01187,1.89082
274,0.787377375,2.91217E-06,3.03402E-06,2.9858E-06,0.166667,2.51256E-07,1.93174,2.01256,1.98058
275,0.78666625,4.54969E-06,5.35519E-06,2.67422E-06,0.166667,2.51256E-07,3.01796,3.55228,1.7739
276,0.778995375000001,3.52359E-06,3.22343E-06,2.8462E-06,0.166667,2.51256E-07,2.33731,2.13821,1.88798
277,0.780759875,3.14681E-06,2.96749E-06,2.72644E-06,0.166667,2.51256E-07,2.08739,1.96843,1.80854
278,0.780803625,2.7763E-06,2.74751E-06,2.77574E-06,0.166667,2.51256E-07,1.84161,1.82251,1.84124
279,0.7862925,2.9201E-06,3.01885E-06,2.97924E-06,0.166667,2.51256E-07,1.937,2.0025,1.97623
280,0.76116175,2.31595E-06,2.36689E-06,2.29352E-06,0.166667,2.51256E-07,1.53625,1.57004,1.52137
281,0.78763125,2.98502E-06,3.05891E-06,2.9242E-06,0.166667,2.51256E-07,1.98006,2.02907,1.93972
282,0.78987025,3.05066E-06,3.28757E-06,2.8607E-06,0.166667,2.51256E-07,2.0236,2.18075,1.8976
283,0.79071975,3.01017E-06,3.3853E-06,2.95127E-06,0.166667,2.51256E-07,1.99674,2.24558,1.95768
284,0.787771,2.86365E-06,3.35551E-06,3.01898E-06,0.166667,2.51256E-07,1.89956,2.22582,2.00259
285,0.79307125,5.23029E-06,7.67654E-06,2.85966E-06,0.166667,2.51256E-07,3.46942,5.0921,1.89691
286,0.768482875,2.56034E-06,2.59229E-06,2.47032E-06,0.166667,2.51256E-07,1.69836,1.71955,1.63865
287,0.772956125,2.5914E-06,2.63021E-06,2.5513E-06,0.166667,2.51256E-07,1.71896,1.74471,1.69236
288,0.779591,2.74617E-06,2.83836E-06,2.84499E-06,0.166667,2.51256E-07,1.82162,1.88278,1.88718
289,0.783016875,2.80562E-06,2.97745E-06,2.96657E-06,0.166667,2.51256E-07,1.86106,1.97504,1.96783
290,0.783215,2.85661E-06,3.00901E-06,2.80149E-06,0.166667,2.51256E-07,1.89488,1.99598,1.85832
291,0.760843125,2.24587E-06,2.3991E-06,2.37137E-06,0.166667,2.51256E-07,1.48976,1.59141,1.57301
292,0.785324875,2.91727E-06,2.96801E-06,2.81501E-06,0.166667,2.51256E-07,1.93512,1.96878,1.86729
293,0.783665000000001,2.84568E-06,2.9155E-06,2.85625E-06,0.166667,2.51256E-07,1.88764,1.93395,1.89465
294,0.780202124999999,2.72187E-06,2.89947E-06,2.86504E-06,0.166667,2.51256E-07,1.80551,1.92331,1.90048
295,0.768018,2.46652E-06,2.5174E-06,2.50786E-06,0.166667,2.51256E-07,1.63613,1.66988,1.66355
296,0.768309125,2.49279E-06,2.51565E-06,2.40769E-06,0.166667,2.51256E-07,1.65355,1.66872,1.5971
297,0.774035875,2.71458E-06,2.65936E-06,2.72393E-06,0.166667,2.51256E-07,1.80067,1.76404,1.80687
298,0.7776085,2.77095E-06,2.71488E-06,2.7651E-06,0.166667,2.51256E-07,1.83807,1.80087,1.83418
299,0.779141625,2.71013E-06,2.76116E-06,2.74531E-06,0.166667,2.51256E-07,1.79772,1.83157,1.82106
300,0.778613875,2.66734E-06,2.70449E-06,2.61396E-06,0.166667,2.51256E-07,1.76934,1.79398,1.73392
301,0.7774155,2.66227E-06,2.75671E-06,2.70956E-06,0.166667,2.51256E-07,1.76597,1.82862,1.79734
302,0.763216,2.28461E-06,2.36023E-06,2.48746E-06,0.166667,2.51256E-07,1.51546,1.56562,1.65001
303,0.778775875,2.68007E-06,2.90456E-06,2.88042E-06,0.166667,2.51256E-07,1.77778,1.92669,1.91068
304,0.75613475,2.08601E-06,2.48502E-06,2.14504E-06,0.166667,2.51256E-07,1.38372,1.6484,1.42287
305,0.76007625,2.21657E-06,2.37574E-06,2.2191E-06,0.166667,2.51256E-07,1.47033,1.57591,1.472
306,0.76556925,2.33895E-06,2.40288E-06,2.34862E-06,0.166667,2.51256E-07,1.55151,1.59391,1.55792
307,0.773861375,2.54654E-06,2.62817E-06,2.60568E-06,0.166667,2.51256E-07,1.6892,1.74335,1.72843
308,0.77338625,2.57187E-06,2.61507E-06,2.54006E-06,0.166667,2.51256E-07,1.70601,1.73466,1.6849
309,0.767714625,2.43655E-06,2.4861E-06,2.37424E-06,0.166667,2.51256E-07,1.61624,1.64911,1.57491
310,0.769936375,2.42761E-06,2.51163E-06,2.53377E-06,0.166667,2.51256E-07,1.61031,1.66605,1.68074
311,0.7729445,2.61398E-06,2.67078E-06,2.63835E-06,0.166667,2.51256E-07,1.73394,1.77162,1.75011
312,0.788988249999999,4.1409E-06,6.89366E-06,3.16633E-06,0.166667,2.51256E-07,2.7468,4.57279,2.10033
313,0.76577,2.43359E-06,2.43525E-06,2.52763E-06,0.166667,2.51256E-07,1.61428,1.61538,1.67666
314,0.758304375,2.12885E-06,2.34412E-06,2.208E-06,0.166667,2.51256E-07,1.41214,1.55493,1.46464
315,0.767536125,2.31813E-06,2.45547E-06,2.39161E-06,0.166667,2.51256E-07,1.5377,1.6288,1.58644
316,0.773086375,2.46145E-06,2.58671E-06,2.55299E-06,0.166667,2.51256E-07,1.63276,1.71585,1.69348
317,0.779074625,2.63566E-06,2.71869E-06,2.80817E-06,0.166667,2.51256E-07,1.74832,1.8034,1.86275
318,0.77821125,2.57823E-06,2.66862E-06,2.73505E-06,0.166667,2.51256E-07,1.71023,1.77019,1.81425
319,0.776773125,2.51576E-06,2.78219E-06,2.74361E-06,0.166667,2.51256E-07,1.66879,1.84552,1.81993
320,0.778045250000001,2.60439E-06,2.87016E-06,2.88139E-06,0.166667,2.51256E-07,1.72758,1.90387,1.91132
321,0.782811375,2.82926E-06,2.872E-06,2.91261E-06,0.166667,2.51256E-07,1.87674,1.90509,1.93203
322,0.795040375000001,4.76079E-06,9.49429E-06,3.19384E-06,0.166667,2.51256E-07,3.15799,6.29788,2.11858
323,0.765835,2.27111E-06,2.61546E-06,2.32558E-06,0.166667,2.51256E-07,1.5065,1.73492,1.54264
324,0.767357499999999,3.0357E-06,3.04655E-06,2.43809E-06,0.166667,2.51256E-07,2.01368,2.02088,1.61727
325,0.77497675,2.43699E-06,2.69309E-06,2.56121E-06,0.166667,2.51256E-07,1.61654,1.78642,1.69894
326,0.77990775,2.5821E-06,2.76837E-06,2.67359E-06,0.166667,2.51256E-07,1.7128,1.83635,1.77348
327,0.78395,2.70781E-06,2.85997E-06,2.83632E-06,0.166667,2.51256E-07,1.79618,1.89711,1.88143
328,0.783953125,2.70376E-06,2.81769E-06,2.87397E-06,0.166667,2.51256E-07,1.7935,1.86907,1.9064
329,0.78058875,2.66051E-06,2.77909E-06,2.86216E-06,0.166667,2.51256E-07,1.76481,1.84346,1.89856
330,0.779011624999999,2.68277E-06,2.76531E-06,2.84466E-06,0.166667,2.51256E-07,1.77957,1.83432,1.88696
331,0.77981125,2.71294E-06,2.71339E-06,2.77773E-06,0.166667,2.51256E-07,1.79959,1.79988,1.84256
332,0.768103,2.37651E-06,2.65617E-06,2.38799E-06,0.166667,2.51256E-07,1.57642,1.76192,1.58403
333,0.77549825,2.45899E-06,2.69111E-06,2.55902E-06,0.166667,2.51256E-07,1.63113,1.7851,1.69748
334,0.681111625,1.10654E-06,1.3432E-06,1.34413E-06,0.166667,2.51256E-07,0.734004,0.890988,0.891604
335,0.694273625,1.23567E-06,1.5347E-06,1.46191E-06,0.166667,2.51256E-07,0.819663,1.01802,0.969735
336,0.709505125,1.27387E-06,1.69504E-06,1.62708E-06,0.166667,2.51256E-07,0.845001,1.12437,1.0793
337,0.7115245,1.31133E-06,1.69472E-06,1.73833E-06,0.166667,2.51256E-07,0.86985,1.12417,1.15309
338,0.711911625,1.34984E-06,1.64804E-06,1.78586E-06,0.166667,2.51256E-07,0.895392,1.0932,1.18462
339,0.700294875,1.24201E-06,1.61448E-06,1.56738E-06,0.166667,2.51256E-07,0.823866,1.07094,1.0397
340,0.7183035,1.42569E-06,1.7699E-06,1.799E-06,0.166667,2.51256E-07,0.94571,1.17403,1.19334
341,0.71943225,1.4712E-06,1.83429E-06,1.78826E-06,0.166667,2.51256E-07,0.975897,1.21675,1.18621
342,0.716650625,1.48117E-06,2.00974E-06,1.8383E-06,0.166667,2.51256E-07,0.982509,1.33313,1.21941
343,0.716890875,1.52988E-06,1.9021E-06,2.02839E-06,0.166667,2.51256E-07,1.01482,1.26172,1.3455
344,0.71223725,1.4573E-06,1.73875E-06,1.82927E-06,0.166667,2.51256E-07,0.966676,1.15337,1.21341
345,0.7190085,1.48888E-06,1.85229E-06,1.87363E-06,0.166667,2.51256E-07,0.987623,1.22868,1.24284
346,0.694147,1.20024E-06,1.4661E-06,1.4383E-06,0.166667,2.51256E-07,0.796162,0.972516,0.954074
347,0.723108875,1.57864E-06,1.87204E-06,1.97845E-06,0.166667,2.51256E-07,1.04717,1.24179,1.31237
348,0.722523,1.55633E-06,1.77113E-06,1.935E-06,0.166667,2.51256E-07,1.03236,1.17485,1.28355
349,0.706145125,1.32601E-06,1.74545E-06,1.62715E-06,0.166667,2.51256E-07,0.879588,1.15782,1.07934
350,0.724646875,1.53751E-06,1.84052E-06,1.9844E-06,0.166667,2.51256E-07,1.01988,1.22088,1.31632
351,0.722747375,1.50718E-06,1.86743E-06,1.81467E-06,0.166667,2.51256E-07,0.999761,1.23873,1.20373
352,0.718421,1.51073E-06,1.9398E-06,1.8473E-06,0.166667,2.51256E-07,1.00212,1.28673,1.22537
353,0.721514125,1.59122E-06,1.92094E-06,2.14707E-06,0.166667,2.51256E-07,1.05551,1.27423,1.42423
354,0.71763225,1.49533E-06,1.79436E-06,1.99015E-06,0.166667,2.51256E-07,0.991902,1.19026,1.32013
355,0.723692875,1.56118E-06,1.93904E-06,1.95345E-06,0.166667,2.51256E-07,1.03559,1.28623,1.29579
356,0.7281845,1.69978E-06,1.91545E-06,2.08495E-06,0.166667,2.51256E-07,1.12752,1.27058,1.38302
357,0.692332125,1.18618E-06,1.42059E-06,1.4648E-06,0.166667,2.51256E-07,0.78683,0.942323,0.971649
358,0.7275305,1.64163E-06,1.86343E-06,2.01875E-06,0.166667,2.51256E-07,1.08895,1.23607,1.33911
359,0.71061325,1.36236E-06,1.80256E-06,1.67705E-06,0.166667,2.51256E-07,0.9037,1.1957,1.11245
360,0.728326125,1.55752E-06,1.9474E-06,2.13525E-06,0.166667,2.51256E-07,1.03315,1.29178,1.41638
361,0.724858249999999,1.54982E-06,1.93041E-06,1.926E-06,0.166667,2.51256E-07,1.02805,1.2805,1.27758
362,0.719618875,1.55622E-06,1.88148E-06,1.8088E-06,0.166667,2.51256E-07,1.03229,1.24805,1.19984
363,0.71630825,1.4781E-06,1.81209E-06,1.82702E-06,0.166667,2.51256E-07,0.980471,1.20202,1.21192
364,0.710756,1.37196E-06,1.77386E-06,1.74154E-06,0.166667,2.51256E-07,0.910068,1.17666,1.15522
365,0.726634749999999,1.55699E-06,2.05497E-06,2.07229E-06,0.166667,2.51256E-07,1.0328,1.36313,1.37462
366,0.730380375,1.71532E-06,2.10787E-06,2.22007E-06,0.166667,2.51256E-07,1.13783,1.39822,1.47265
367,0.73119325,1.68796E-06,2.06819E-06,2.15027E-06,0.166667,2.51256E-07,1.11968,1.3719,1.42635
368,0.689371875,1.1735E-06,1.60759E-06,1.44613E-06,0.166667,2.51256E-07,0.778424,1.06637,0.959268
369,0.70974175,1.3478E-06,1.79671E-06,1.68601E-06,0.166667,2.51256E-07,0.894042,1.19182,1.11838
370,0.729368749999999,1.59391E-06,2.01852E-06,2.18381E-06,0.166667,2.51256E-07,1.05729,1.33895,1.44859
371,0.723991625,1.54311E-06,1.88622E-06,1.9407E-06,0.166667,2.51256E-07,1.0236,1.25119,1.28733
372,0.718961375,1.44737E-06,1.77702E-06,1.78426E-06,0.166667,2.51256E-07,0.960091,1.17876,1.18356
373,0.715416125,1.40145E-06,1.78231E-06,1.74854E-06,0.166667,2.51256E-07,0.929629,1.18226,1.15986
374,0.713432,1.38181E-06,1.79457E-06,1.76424E-06,0.166667,2.51256E-07,0.916602,1.1904,1.17028
375,0.723734999999999,1.43801E-06,2.00316E-06,2.04805E-06,0.166667,2.51256E-07,0.953882,1.32876,1.35854
376,0.724599124999999,1.54563E-06,2.03605E-06,2.10303E-06,0.166667,2.51256E-07,1.02527,1.35058,1.39501
377,0.732239375,1.69566E-06,2.29387E-06,2.40543E-06,0.166667,2.51256E-07,1.12479,1.5216,1.5956
378,0.71240875,1.33893E-06,1.83067E-06,1.73555E-06,0.166667,2.51256E-07,0.888158,1.21435,1.15125
379,0.694181875,1.19415E-06,1.43342E-06,1.45476E-06,0.166667,2.51256E-07,0.79212,0.950834,0.964988
380,0.73612975,1.70983E-06,2.37825E-06,2.59216E-06,0.166667,2.51256E-07,1.13418,1.57757,1.71946
381,0.728506624999999,1.63073E-06,2.06516E-06,2.0516E-06,0.166667,2.51256E-07,1.08172,1.36989,1.3609
382,0.7306185,1.59654E-06,1.96215E-06,2.09035E-06,0.166667,2.51256E-07,1.05904,1.30156,1.3866
383,0.72911675,1.56548E-06,2.00751E-06,2.05767E-06,0.166667,2.51256E-07,1.03844,1.33165,1.36492
384,0.72437025,1.5185E-06,1.93227E-06,1.8292E-06,0.166667,2.51256E-07,1.00727,1.28174,1.21337
385,0.726349500000001,1.54749E-06,1.96546E-06,2.00744E-06,0.166667,2.51256E-07,1.0265,1.30376,1.3316
386,0.7285735,1.67859E-06,1.98306E-06,2.09747E-06,0.166667,2.51256E-07,1.11347,1.31543,1.39132
387,0.7365985,1.84306E-06,2.22328E-06,2.47365E-06,0.166667,2.51256E-07,1.22257,1.47477,1.64086
388,0.71455325,1.33938E-06,1.80294E-06,1.72151E-06,0.166667,2.51256E-07,0.888455,1.19595,1.14193
389,0.736382125,1.74707E-06,2.23856E-06,2.66092E-06,0.166667,2.51256E-07,1.15889,1.48491,1.76508
390,0.69210225,1.17742E-06,1.41432E-06,1.39419E-06,0.166667,2.51256E-07,0.781019,0.938166,0.924815
391,0.731846125,1.68976E-06,2.09967E-06,2.16004E-06,0.166667,2.51256E-07,1.12088,1.39278,1.43283
392,0.73405375,1.64529E-06,2.0298E-06,2.21311E-06,0.166667,2.51256E-07,1.09138,1.34643,1.46803
393,0.73178,1.63909E-06,1.98861E-06,2.08509E-06,0.166667,2.51256E-07,1.08726,1.31911,1.38311
394,0.728387,1.62745E-06,1.96455E-06,1.8534E-06,0.166667,2.51256E-07,1.07954,1.30315,1.22942
395,0.72327525,1.58936E-06,1.98348E-06,1.89876E-06,0.166667,2.51256E-07,1.05427,1.31571,1.25951
396,0.732759375000001,1.85597E-06,2.20258E-06,2.12548E-06,0.166667,2.51256E-07,1.23113,1.46104,1.4099
397,0.73486025,1.91309E-06,2.14318E-06,2.29731E-06,0.166667,2.51256E-07,1.26902,1.42164,1.52388
398,0.7159165,1.37064E-06,1.84454E-06,1.735E-06,0.166667,2.51256E-07,0.909194,1.22354,1.15089
399,0.726931125,1.59254E-06,1.86496E-06,2.11926E-06,0.166667,2.51256E-07,1.05639,1.23709,1.40577
400,0.7269335,1.56565E-06,1.96648E-06,1.99901E-06,0.166667,2.51256E-07,1.03855,1.30443,1.32601
401,0.691104,1.15672E-06,1.50302E-06,1.3541E-06,0.166667,2.51256E-07,0.767292,0.997001,0.898219
402,0.727780125,1.58385E-06,1.93839E-06,2.02915E-06,0.166667,2.51256E-07,1.05062,1.2858,1.346
403,0.7229025,1.53743E-06,1.86869E-06,1.86328E-06,0.166667,2.51256E-07,1.01983,1.23957,1.23598
404,0.72537475,1.66221E-06,2.0924E-06,1.84389E-06,0.166667,2.51256E-07,1.1026,1.38796,1.22311
405,0.688268875,1.10762E-06,1.44223E-06,1.33815E-06,0.166667,2.51256E-07,0.734719,0.956681,0.887643
406,0.690877125,1.13556E-06,1.47905E-06,1.39586E-06,0.166667,2.51256E-07,0.753256,0.981105,0.925923
407,0.699705125,1.24204E-06,1.63744E-06,1.52713E-06,0.166667,2.51256E-07,0.823888,1.08617,1.01299
408,0.681119875,1.04051E-06,1.3471E-06,1.30109E-06,0.166667,2.51256E-07,0.690207,0.893579,0.863053
409,0.7032165,1.28139E-06,1.63782E-06,1.6068E-06,0.166667,2.51256E-07,0.849988,1.08642,1.06584
410,0.705892125,1.29849E-06,1.61669E-06,1.68707E-06,0.166667,2.51256E-07,0.861334,1.07241,1.11909
411,0.68890425,1.14889E-06,1.66719E-06,1.39037E-06,0.166667,2.51256E-07,0.762098,1.1059,0.922276
412,0.7103595,1.35336E-06,1.66991E-06,1.68354E-06,0.166667,2.51256E-07,0.897726,1.10771,1.11675
413,0.709595125,1.36773E-06,1.63342E-06,1.66281E-06,0.166667,2.51256E-07,0.90726,1.0835,1.103
414,0.70682325,1.34876E-06,1.66147E-06,1.65779E-06,0.166667,2.51256E-07,0.894681,1.10211,1.09967
415,0.708164,1.34969E-06,1.68192E-06,1.83918E-06,0.166667,2.51256E-07,0.895295,1.11567,1.21999
416,0.703295625,1.3056E-06,1.65779E-06,1.65942E-06,0.166667,2.51256E-07,0.866049,1.09967,1.10075
417,0.703113625,1.24169E-06,1.68721E-06,1.61861E-06,0.166667,2.51256E-07,0.823653,1.11919,1.07368
418,0.7125615,1.38444E-06,1.81847E-06,1.83983E-06,0.166667,2.51256E-07,0.918342,1.20625,1.22042
419,0.673668250000001,9.48606E-07,1.27266E-06,1.21273E-06,0.166667,2.51256E-07,0.629242,0.8442,0.804447
420,0.719483125,1.56316E-06,1.81023E-06,1.89954E-06,0.166667,2.51256E-07,1.0369,1.20079,1.26003
421,0.691924875,1.10273E-06,1.54746E-06,1.46149E-06,0.166667,2.51256E-07,0.73148,1.02648,0.969454
422,0.72331375,1.60495E-06,1.83001E-06,1.9264E-06,0.166667,2.51256E-07,1.06462,1.2139,1.27784
423,0.7253315,1.57796E-06,1.82074E-06,1.88862E-06,0.166667,2.51256E-07,1.04671,1.20775,1.25278
424,0.718036875,1.51984E-06,1.77383E-06,1.77857E-06,0.166667,2.51256E-07,1.00816,1.17664,1.17978
425,0.71830925,1.5319E-06,1.78997E-06,1.9818E-06,0.166667,2.51256E-07,1.01616,1.18735,1.31459
426,0.710327625,1.39911E-06,1.68323E-06,1.75686E-06,0.166667,2.51256E-07,0.928076,1.11655,1.16538
427,0.712546375,1.43593E-06,1.76748E-06,1.64263E-06,0.166667,2.51256E-07,0.952503,1.17243,1.08961
428,0.71371,1.38473E-06,1.75142E-06,1.75818E-06,0.166667,2.51256E-07,0.918539,1.16177,1.16626
429,0.728522375,1.72962E-06,2.16515E-06,1.89012E-06,0.166667,2.51256E-07,1.14731,1.43621,1.25378
430,0.67951825,1.06757E-06,1.39416E-06,1.35177E-06,0.166667,2.51256E-07,0.708155,0.924792,0.896675
431,0.706763375,1.48039E-06,1.75832E-06,1.59851E-06,0.166667,2.51256E-07,0.981995,1.16636,1.06034
432,0.734411,1.80865E-06,2.3969E-06,1.98759E-06,0.166667,2.51256E-07,1.19974,1.58994,1.31844
433,0.733228875,1.69975E-06,2.19228E-06,1.91887E-06,0.166667,2.51256E-07,1.1275,1.45421,1.27285
434,0.7205745,1.58251E-06,1.75397E-06,1.72546E-06,0.166667,2.51256E-07,1.04973,1.16347,1.14456
435,0.72535,1.60867E-06,1.88333E-06,1.96672E-06,0.166667,2.51256E-07,1.06708,1.24927,1.30459
436,0.715293125,1.46309E-06,1.74766E-06,1.73838E-06,0.166667,2.51256E-07,0.970516,1.15928,1.15312
437,0.7235555,1.59049E-06,2.31564E-06,1.8002E-06,0.166667,2.51256E-07,1.05502,1.53604,1.19413
438,0.713832125,1.43151E-06,1.70287E-06,1.71638E-06,0.166667,2.51256E-07,0.949571,1.12957,1.13853
439,0.728277625,1.74908E-06,1.98159E-06,1.88382E-06,0.166667,2.51256E-07,1.16022,1.31446,1.2496
440,0.722132375,1.7804E-06,2.66509E-06,1.94915E-06,0.166667,2.51256E-07,1.181,1.76784,1.29294
441,0.6785015,1.01644E-06,1.34455E-06,1.27514E-06,0.166667,2.51256E-07,0.67424,0.891882,0.845843
442,0.737360375,1.85356E-06,2.33546E-06,2.05978E-06,0.166667,2.51256E-07,1.22953,1.54919,1.36632
443,0.738791625,1.78172E-06,2.27639E-06,2.05091E-06,0.166667,2.51256E-07,1.18187,1.51001,1.36044
444,0.725509,1.66103E-06,1.8255E-06,1.81395E-06,0.166667,2.51256E-07,1.10182,1.21092,1.20325
445,0.733135124999999,1.69479E-06,2.2395E-06,2.02767E-06,0.166667,2.51256E-07,1.12421,1.48553,1.34502
446,0.729333,1.62818E-06,2.28425E-06,1.92777E-06,0.166667,2.51256E-07,1.08003,1.51522,1.27875
447,0.72618525,1.55751E-06,2.17893E-06,1.91112E-06,0.166667,2.51256E-07,1.03315,1.44536,1.26771
448,0.721885375,1.53606E-06,1.81891E-06,1.79865E-06,0.166667,2.51256E-07,1.01892,1.20654,1.1931
449,0.7348185,1.82919E-06,2.01148E-06,2.24593E-06,0.166667,2.51256E-07,1.21337,1.33428,1.4898
450,0.72553875,1.74967E-06,2.4307E-06,2.03135E-06,0.166667,2.51256E-07,1.16061,1.61237,1.34746
451,0.743331375,2.02432E-06,2.27165E-06,2.7179E-06,0.166667,2.51256E-07,1.3428,1.50686,1.80287
452,0.676538375,1.0465E-06,1.3491E-06,1.24343E-06,0.166667,2.51256E-07,0.694177,0.894904,0.824807
453,0.738597375,1.85443E-06,2.20152E-06,2.17252E-06,0.166667,2.51256E-07,1.2301,1.46034,1.44111
454,0.741185875,1.85796E-06,2.20106E-06,2.16858E-06,0.166667,2.51256E-07,1.23245,1.46003,1.43849
455,0.746224625,1.85394E-06,2.59097E-06,2.32174E-06,0.166667,2.51256E-07,1.22978,1.71868,1.54008
456,0.737632875000001,1.70541E-06,2.5476E-06,2.03557E-06,0.166667,2.51256E-07,1.13125,1.68991,1.35026
457,0.723299625,1.59353E-06,1.83295E-06,1.94747E-06,0.166667,2.51256E-07,1.05704,1.21586,1.29182
458,0.727003625,1.68285E-06,1.87176E-06,1.93016E-06,0.166667,2.51256E-07,1.11629,1.2416,1.28034
459,0.738356125,1.92125E-06,2.12683E-06,2.39045E-06,0.166667,2.51256E-07,1.27443,1.4108,1.58566
460,0.71707175,1.58793E-06,1.77488E-06,1.80378E-06,0.166667,2.51256E-07,1.05333,1.17733,1.19651
461,0.743651625,2.00208E-06,2.40422E-06,2.83974E-06,0.166667,2.51256E-07,1.32805,1.5948,1.88369
462,0.739254375000001,1.87862E-06,2.32087E-06,2.21791E-06,0.166667,2.51256E-07,1.24615,1.53951,1.47122
463,0.67777175,1.04055E-06,1.38355E-06,1.22182E-06,0.166667,2.51256E-07,0.690229,0.917752,0.810474
464,0.744855375000001,1.90381E-06,2.33991E-06,2.27719E-06,0.166667,2.51256E-07,1.26286,1.55214,1.51053
465,0.73721975,1.77456E-06,2.04493E-06,2.21163E-06,0.166667,2.51256E-07,1.17712,1.35647,1.46705
466,0.732294,1.66562E-06,2.02336E-06,2.01984E-06,0.166667,2.51256E-07,1.10486,1.34216,1.33983
467,0.720826375,1.57506E-06,1.91348E-06,1.83523E-06,0.166667,2.51256E-07,1.04479,1.26927,1.21737
468,0.726085875,1.72793E-06,1.98209E-06,1.96135E-06,0.166667,2.51256E-07,1.14619,1.31479,1.30103
469,0.7292425,1.80421E-06,1.93108E-06,2.14535E-06,0.166667,2.51256E-07,1.19679,1.28095,1.42308
470,0.719981125,1.56043E-06,1.9367E-06,1.81501E-06,0.166667,2.51256E-07,1.03508,1.28468,1.20396
471,0.729808,1.70259E-06,1.99217E-06,2.16765E-06,0.166667,2.51256E-07,1.12938,1.32147,1.43788
472,0.731567375,1.69612E-06,2.11417E-06,2.04944E-06,0.166667,2.51256E-07,1.12509,1.4024,1.35946
473,0.737546875000001,1.79831E-06,2.25642E-06,2.17225E-06,0.166667,2.51256E-07,1.19288,1.49676,1.44092
474,0.677512625,1.02496E-06,1.35124E-06,1.26952E-06,0.166667,2.51256E-07,0.679892,0.89632,0.842112
475,0.727901625,1.68998E-06,2.02294E-06,1.94485E-06,0.166667,2.51256E-07,1.12102,1.34188,1.29008
476,0.722728125,1.62263E-06,1.87856E-06,1.85448E-06,0.166667,2.51256E-07,1.07635,1.24611,1.23014
477,0.685341375,1.10248E-06,1.45484E-06,1.21376E-06,0.166667,2.51256E-07,0.731311,0.965047,0.805127
478,0.688609,1.05105E-06,1.46099E-06,1.3788E-06,0.166667,2.51256E-07,0.697199,0.96912,0.914604
479,0.695083,1.17348E-06,1.51387E-06,1.45206E-06,0.166667,2.51256E-07,0.778408,1.0042,0.963201
480,0.698540749999999,1.3134E-06,1.55252E-06,1.39502E-06,0.166667,2.51256E-07,0.871222,1.02984,0.92536
481,0.70966675,1.35881E-06,1.85946E-06,1.64419E-06,0.166667,2.51256E-07,0.901343,1.23344,1.09064
482,0.711961750000001,1.47412E-06,1.83011E-06,1.74748E-06,0.166667,2.51256E-07,0.977831,1.21397,1.15916
483,0.712264,1.4655E-06,1.76726E-06,1.71355E-06,0.166667,2.51256E-07,0.972116,1.17228,1.13666
484,0.714214125,1.46134E-06,1.78349E-06,1.71429E-06,0.166667,2.51256E-07,0.969359,1.18305,1.13715
485,0.676974375,1.01615E-06,1.29391E-06,1.3142E-06,0.166667,2.51256E-07,0.674043,0.858291,0.871756
486,0.71508175,1.48969E-06,1.71751E-06,1.76607E-06,0.166667,2.51256E-07,0.988163,1.13928,1.17149
487,0.695553125000001,1.15039E-06,1.52437E-06,1.45303E-06,0.166667,2.51256E-07,0.763094,1.01117,0.963845
488,0.701165625,1.2165E-06,1.55999E-06,1.58086E-06,0.166667,2.51256E-07,0.806946,1.03479,1.04864
489,0.704287625,1.33081E-06,1.60304E-06,1.65865E-06,0.166667,2.51256E-07,0.882771,1.06335,1.10024
490,0.691831875,1.17101E-06,1.47423E-06,1.54624E-06,0.166667,2.51256E-07,0.776769,0.977904,1.02567
491,0.713688750000001,1.42232E-06,1.6981E-06,1.74658E-06,0.166667,2.51256E-07,0.943473,1.12641,1.15857
492,0.7130895,1.42892E-06,1.65203E-06,1.71747E-06,0.166667,2.51256E-07,0.947847,1.09585,1.13925
493,0.7118095,1.40211E-06,1.78342E-06,1.67785E-06,0.166667,2.51256E-07,0.930066,1.183,1.11297
494,0.7081,1.38421E-06,1.68554E-06,1.63501E-06,0.166667,2.51256E-07,0.918195,1.11807,1.08455
495,0.709605375,1.3995E-06,1.67043E-06,1.65571E-06,0.166667,2.51256E-07,0.928336,1.10805,1.09829
496,0.641381,8.2104E-07,9.88034E-07,8.64665E-07,0.166667,2.51256E-07,0.544623,0.655396,0.573561
497,0.645831375,8.16148E-07,9.7043E-07,9.64982E-07,0.166667,2.51256E-07,0.541378,0.643719,0.640105
498,0.67039325,1.0495E-06,1.17122E-06,1.13977E-06,0.166667,2.51256E-07,0.696171,0.77691,0.756045
499,0.681358875,1.07389E-06,1.2645E-06,1.25721E-06,0.166667,2.51256E-07,0.71235,0.838787,0.833947
500,0.686685,1.07743E-06,1.32837E-06,1.41441E-06,0.166667,2.51256E-07,0.714698,0.881149,0.938228
501,0.693376625,1.1232E-06,1.43954E-06,1.61684E-06,0.166667,2.51256E-07,0.745057,0.954894,1.0725
502,0.692282625,1.12755E-06,1.49837E-06,1.52912E-06,0.166667,2.51256E-07,0.747942,0.993922,1.01432
503,0.69734425,1.23932E-06,1.64096E-06,1.65198E-06,0.166667,2.51256E-07,0.822082,1.0885,1.09581
504,0.6957595,1.29841E-06,1.5942E-06,1.64767E-06,0.166667,2.51256E-07,0.861279,1.05748,1.09296
505,0.692245,1.19571E-06,1.44781E-06,1.52918E-06,0.166667,2.51256E-07,0.793153,0.960381,1.01435
506,0.68833575,1.12312E-06,1.34188E-06,1.41791E-06,0.166667,2.51256E-07,0.745005,0.890117,0.940544
507,0.68647375,1.26551E-06,1.35722E-06,1.36721E-06,0.166667,2.51256E-07,0.839453,0.900292,0.906919
508,0.654979125,8.52684E-07,1.0194E-06,1.01857E-06,0.166667,2.51256E-07,0.565613,0.676201,0.675648
509,0.69843425,1.39944E-06,1.4645E-06,1.52594E-06,0.166667,2.51256E-07,0.928298,0.971454,1.01221
510,0.69590575,1.29843E-06,1.43017E-06,1.49692E-06,0.166667,2.51256E-07,0.861293,0.948676,0.992955
511,0.6944545,1.16474E-06,1.45629E-06,1.60561E-06,0.166667,2.51256E-07,0.772612,0.966009,1.06506
512,0.69043625,1.04919E-06,1.43508E-06,1.54996E-06,0.166667,2.51256E-07,0.69596,0.951937,1.02814
513,0.69048775,1.12059E-06,1.48382E-06,1.53261E-06,0.166667,2.51256E-07,0.743324,0.98427,1.01663
514,0.695905,1.26078E-06,1.54625E-06,1.6277E-06,0.166667,2.51256E-07,0.836315,1.02568,1.07971
515,0.693496625,1.22568E-06,1.46054E-06,1.56987E-06,0.166667,2.51256E-07,0.813033,0.968828,1.04134
516,0.68480475,1.12515E-06,1.29163E-06,1.41542E-06,0.166667,2.51256E-07,0.746349,0.856782,0.938892
517,0.69501875,1.33439E-06,1.45897E-06,1.53706E-06,0.166667,2.51256E-07,0.885148,0.967783,1.01959
518,0.70471625,1.50509E-06,1.59234E-06,1.65686E-06,0.166667,2.51256E-07,0.998374,1.05625,1.09905
519,0.66418775,8.60348E-07,1.13388E-06,1.08709E-06,0.166667,2.51256E-07,0.570698,0.752142,0.721104
520,0.70077875,1.3926E-06,1.57564E-06,1.68334E-06,0.166667,2.51256E-07,0.923761,1.04518,1.11662
521,0.693746875,1.2001E-06,1.55536E-06,1.54459E-06,0.166667,2.51256E-07,0.796067,1.03172,1.02458
522,0.687023125,1.04078E-06,1.39428E-06,1.45628E-06,0.166667,2.51256E-07,0.690385,0.924876,0.965998
523,0.68393475,1.033E-06,1.32894E-06,1.37786E-06,0.166667,2.51256E-07,0.685224,0.881532,0.913979
524,0.69085725,1.11641E-06,1.3883E-06,1.48063E-06,0.166667,2.51256E-07,0.74055,0.920908,0.982151
525,0.69097375,1.14677E-06,1.3995E-06,1.47745E-06,0.166667,2.51256E-07,0.760694,0.928336,0.980043
526,0.684362375,1.10596E-06,1.28764E-06,1.38575E-06,0.166667,2.51256E-07,0.733618,0.854132,0.919217
527,0.694387625,1.22949E-06,1.50302E-06,1.49887E-06,0.166667,2.51256E-07,0.815563,0.997002,0.994252
528,0.700744625,1.31353E-06,1.63189E-06,1.63258E-06,0.166667,2.51256E-07,0.871309,1.08249,1.08294
529,0.701263375,1.32529E-06,1.70122E-06,1.75875E-06,0.166667,2.51256E-07,0.879108,1.12848,1.16664
530,0.670523875,9.06892E-07,1.16876E-06,1.21959E-06,0.166667,2.51256E-07,0.601572,0.775277,0.808998
531,0.69552425,1.23871E-06,1.71036E-06,1.637E-06,0.166667,2.51256E-07,0.821676,1.13454,1.08587
532,0.6907125,1.09475E-06,1.52146E-06,1.58879E-06,0.166667,2.51256E-07,0.726185,1.00923,1.05389
533,0.68552975,1.00681E-06,1.36495E-06,1.42347E-06,0.166667,2.51256E-07,0.66785,0.905414,0.944233
534,0.687981625,1.05702E-06,1.37357E-06,1.41334E-06,0.166667,2.51256E-07,0.701157,0.911132,0.937515
535,0.685834,1.08678E-06,1.39133E-06,1.37037E-06,0.166667,2.51256E-07,0.720895,0.922912,0.90901
536,0.679464625,1.08268E-06,1.30397E-06,1.28604E-06,0.166667,2.51256E-07,0.718178,0.86497,0.853076
537,0.6892215,1.19334E-06,1.41992E-06,1.40036E-06,0.166667,2.51256E-07,0.791582,0.941878,0.928904
538,0.695635,1.22134E-06,1.52362E-06,1.55909E-06,0.166667,2.51256E-07,0.810158,1.01067,1.0342
539,0.700649,1.29946E-06,1.60481E-06,1.80413E-06,0.166667,2.51256E-07,0.861978,1.06452,1.19674
540,0.69551075,1.2589E-06,1.52784E-06,1.67576E-06,0.166667,2.51256E-07,0.835071,1.01347,1.11159
541,0.67733725,9.73421E-07,1.2203E-06,1.28947E-06,0.166667,2.51256E-07,0.645703,0.809464,0.855348
542,0.68802875,1.12778E-06,1.40291E-06,1.57067E-06,0.166667,2.51256E-07,0.748094,0.930599,1.04188
543,0.68205825,9.76655E-07,1.31465E-06,1.39382E-06,0.166667,2.51256E-07,0.647848,0.872054,0.92457
544,0.682557625,1.00752E-06,1.29457E-06,1.33794E-06,0.166667,2.51256E-07,0.668319,0.858734,0.887501
545,0.682076625,1.0395E-06,1.28304E-06,1.28995E-06,0.166667,2.51256E-07,0.689533,0.851083,0.855664
546,0.676415375,1.08052E-06,1.1947E-06,1.30626E-06,0.166667,2.51256E-07,0.716747,0.792482,0.866485
547,0.681890625,1.09102E-06,1.25139E-06,1.29616E-06,0.166667,2.51256E-07,0.72371,0.830087,0.859788
548,0.687244125,1.12651E-06,1.39434E-06,1.37965E-06,0.166667,2.51256E-07,0.747252,0.924912,0.91517
549,0.690966375,1.22465E-06,1.48513E-06,1.53913E-06,0.166667,2.51256E-07,0.812352,0.985139,1.02096
550,0.68870925,1.17308E-06,1.46477E-06,1.55268E-06,0.166667,2.51256E-07,0.77814,0.971633,1.02994
551,0.684799749999999,1.09033E-06,1.35361E-06,1.45423E-06,0.166667,2.51256E-07,0.723249,0.897897,0.964637
552,0.68082,1.04214E-06,1.2955E-06,1.31426E-06,0.166667,2.51256E-07,0.691283,0.859347,0.871794
553,0.680072,1.01571E-06,1.2705E-06,1.33197E-06,0.166667,2.51256E-07,0.673756,0.842763,0.88354
554,0.675872625,9.94715E-07,1.19682E-06,1.20346E-06,0.166667,2.51256E-07,0.659827,0.79389,0.798297
555,0.683323125,1.18932E-06,1.30087E-06,1.20083E-06,0.166667,2.51256E-07,0.788917,0.862908,0.796548
556,0.69951975,1.54187E-06,1.53814E-06,1.72362E-06,0.166667,2.51256E-07,1.02277,1.0203,1.14333
557,0.670977375,1.02085E-06,1.14735E-06,1.15086E-06,0.166667,2.51256E-07,0.677165,0.761075,0.763407
558,0.675252875,1.01347E-06,1.22522E-06,1.24412E-06,0.166667,2.51256E-07,0.672268,0.812727,0.825268
559,0.68068875,1.0959E-06,1.3178E-06,1.37165E-06,0.166667,2.51256E-07,0.726944,0.87414,0.909858
560,0.676148875,1.01577E-06,1.25507E-06,1.33464E-06,0.166667,2.51256E-07,0.673794,0.83253,0.885309
561,0.668288,9.39721E-07,1.10338E-06,1.19205E-06,0.166667,2.51256E-07,0.623349,0.731912,0.790725
562,0.665802125,9.36752E-07,1.09855E-06,1.17001E-06,0.166667,2.51256E-07,0.621379,0.728703,0.776106
563,0.682853375,1.08239E-06,1.33145E-06,1.37138E-06,0.166667,2.51256E-07,0.717987,0.883193,0.909681
564,0.663227375,9.35031E-07,1.09858E-06,1.09311E-06,0.166667,2.51256E-07,0.620237,0.728725,0.725093
565,0.67580275,1.18168E-06,1.23653E-06,1.20078E-06,0.166667,2.51256E-07,0.783849,0.820229,0.796517
566,0.692123875,1.54112E-06,1.41282E-06,1.84356E-06,0.166667,2.51256E-07,1.02228,0.937173,1.22289
567,0.691343625,1.15076E-06,1.42479E-06,1.48079E-06,0.166667,2.51256E-07,0.763341,0.945109,0.982256
568,0.69886675,1.29919E-06,1.45129E-06,1.4373E-06,0.166667,2.51256E-07,0.861796,0.962691,0.953411
569,0.65214375,8.57754E-07,1.03505E-06,9.81598E-07,0.166667,2.51256E-07,0.568977,0.686585,0.651127
570,0.63341575,7.22965E-07,8.89519E-07,8.33273E-07,0.166667,2.51256E-07,0.479567,0.590048,0.552737
571,0.666468,9.37581E-07,1.10277E-06,1.1401E-06,0.166667,2.51256E-07,0.621929,0.731504,0.756266
572,0.67513575,9.66616E-07,1.19129E-06,1.25313E-06,0.166667,2.51256E-07,0.641189,0.790221,0.831244
573,0.6837775,9.94598E-07,1.29083E-06,1.39325E-06,0.166667,2.51256E-07,0.65975,0.856251,0.92419
574,0.688825375,1.04903E-06,1.30389E-06,1.45851E-06,0.166667,2.51256E-07,0.695857,0.864912,0.967477
575,0.6889775,1.09877E-06,1.36805E-06,1.4433E-06,0.166667,2.51256E-07,0.728852,0.907471,0.957387
576,0.693177875,1.1702E-06,1.40335E-06,1.65086E-06,0.166667,2.51256E-07,0.776234,0.930889,1.09507
577,0.693690375,1.15485E-06,1.39776E-06,1.56037E-06,0.166667,2.51256E-07,0.766048,0.927179,1.03504
578,0.69811525,1.24917E-06,1.45768E-06,1.48207E-06,0.166667,2.51256E-07,0.828617,0.966926,0.983107
579,0.66133075,9.15402E-07,1.11639E-06,1.02689E-06,0.166667,2.51256E-07,0.607217,0.74054,0.681174
580,0.677103375,1.01669E-06,1.25332E-06,1.29057E-06,0.166667,2.51256E-07,0.674407,0.831368,0.856078
581,0.6404775,7.24128E-07,9.20041E-07,8.90523E-07,0.166667,2.51256E-07,0.480338,0.610294,0.590714
582,0.6856945,1.07787E-06,1.34597E-06,1.42965E-06,0.166667,2.51256E-07,0.714986,0.892826,0.948333
583,0.6991945,1.15097E-06,1.5339E-06,1.59755E-06,0.166667,2.51256E-07,0.763477,1.01749,1.05971
584,0.700042,1.16145E-06,1.52465E-06,1.56814E-06,0.166667,2.51256E-07,0.770432,1.01135,1.0402
585,0.69577525,1.15867E-06,1.47017E-06,1.48761E-06,0.166667,2.51256E-07,0.768582,0.97521,0.986779
586,0.69988175,1.24486E-06,1.59269E-06,1.70752E-06,0.166667,2.51256E-07,0.82576,1.05648,1.13266
587,0.697394,1.21518E-06,1.55814E-06,1.56845E-06,0.166667,2.51256E-07,0.80607,1.03356,1.0404
588,0.698060625,1.22391E-06,1.49378E-06,1.50251E-06,0.166667,2.51256E-07,0.811861,0.990876,0.996667
589,0.672496625,1.06165E-06,1.34065E-06,1.10316E-06,0.166667,2.51256E-07,0.704228,0.889295,0.731765
590,0.685715875,1.09525E-06,1.43987E-06,1.31897E-06,0.166667,2.51256E-07,0.726516,0.955115,0.874914
591,0.685581,1.10051E-06,1.34638E-06,1.40349E-06,0.166667,2.51256E-07,0.730008,0.893102,0.930982
592,0.649890875,7.87608E-07,1.02941E-06,9.81112E-07,0.166667,2.51256E-07,0.522447,0.682843,0.650804
593,0.701437375,1.19845E-06,1.54183E-06,1.58115E-06,0.166667,2.51256E-07,0.79497,1.02275,1.04883
594,0.701773125,1.17805E-06,1.51025E-06,1.53279E-06,0.166667,2.51256E-07,0.781439,1.0018,1.01675
595,0.699610125,1.2093E-06,1.46807E-06,1.46146E-06,0.166667,2.51256E-07,0.802167,0.973822,0.969433
596,0.705255124999999,1.28098E-06,1.67244E-06,1.53327E-06,0.166667,2.51256E-07,0.849714,1.10938,1.01707
597,0.703595125,1.27977E-06,1.70898E-06,1.49135E-06,0.166667,2.51256E-07,0.848911,1.13362,0.98926
598,0.705513125,1.28881E-06,1.59247E-06,1.62328E-06,0.166667,2.51256E-07,0.854908,1.05634,1.07677
599,0.677040375,1.05914E-06,1.43644E-06,1.16308E-06,0.166667,2.51256E-07,0.702565,0.952836,0.771513
600,0.684714875,1.03547E-06,1.45115E-06,1.26221E-06,0.166667,2.51256E-07,0.686859,0.962595,0.837268
601,0.688875,1.1024E-06,1.37949E-06,1.42121E-06,0.166667,2.51256E-07,0.73126,0.915059,0.942736
602,0.7002905,1.22376E-06,1.54946E-06,1.56552E-06,0.166667,2.51256E-07,0.81176,1.02781,1.03846
603,0.655756749999999,8.74851E-07,1.10525E-06,1.05721E-06,0.166667,2.51256E-07,0.580318,0.733147,0.70128
604,0.704752,1.22695E-06,1.6102E-06,1.73399E-06,0.166667,2.51256E-07,0.813874,1.0681,1.15021
605,0.706899125,1.26109E-06,1.6159E-06,1.64927E-06,0.166667,2.51256E-07,0.836522,1.07188,1.09401
606,0.71428525,1.38123E-06,1.77943E-06,1.68555E-06,0.166667,2.51256E-07,0.916216,1.18036,1.11808
607,0.711386,1.38248E-06,1.74926E-06,1.64213E-06,0.166667,2.51256E-07,0.917043,1.16034,1.08928
608,0.707584375,1.33377E-06,1.59773E-06,1.66445E-06,0.166667,2.51256E-07,0.884731,1.05983,1.10408
609,0.673794875000001,1.00621E-06,1.25265E-06,1.16556E-06,0.166667,2.51256E-07,0.667455,0.830927,0.773156
610,0.683646625,1.04842E-06,1.3884E-06,1.34072E-06,0.166667,2.51256E-07,0.695449,0.920975,0.889341
611,0.689919,1.15436E-06,1.44543E-06,1.51544E-06,0.166667,2.51256E-07,0.765725,0.958802,1.00524
612,0.694191874999999,1.23485E-06,1.47609E-06,1.55422E-06,0.166667,2.51256E-07,0.819119,0.979141,1.03097
613,0.70081525,1.24842E-06,1.52853E-06,1.78415E-06,0.166667,2.51256E-07,0.828119,1.01392,1.18348
614,0.665163625,9.54023E-07,1.17348E-06,1.13084E-06,0.166667,2.51256E-07,0.632835,0.778412,0.750122
615,0.70683825,1.25774E-06,1.61801E-06,1.70068E-06,0.166667,2.51256E-07,0.834302,1.07328,1.12812
616,0.71248525,1.37356E-06,1.67631E-06,1.65716E-06,0.166667,2.51256E-07,0.911128,1.11196,1.09925
617,0.713197,1.40412E-06,1.73003E-06,1.64043E-06,0.166667,2.51256E-07,0.931403,1.14759,1.08815
618,0.711794,1.41256E-06,1.65312E-06,1.73815E-06,0.166667,2.51256E-07,0.936995,1.09657,1.15297
619,0.674204375,1.01406E-06,1.22741E-06,1.18913E-06,0.166667,2.51256E-07,0.672662,0.814183,0.788787
620,0.68125775,1.06399E-06,1.40723E-06,1.29235E-06,0.166667,2.51256E-07,0.70578,0.933466,0.85726
621,0.688526249999999,1.17189E-06,1.47E-06,1.44756E-06,0.166667,2.51256E-07,0.777357,0.975097,0.960217
622,0.688996125,1.18735E-06,1.46092E-06,1.49175E-06,0.166667,2.51256E-07,0.787611,0.969075,0.989528
623,0.693690750000001,1.18551E-06,1.44137E-06,1.58919E-06,0.166667,2.51256E-07,0.786388,0.956112,1.05416
624,0.70335675,1.2291E-06,1.59485E-06,1.65914E-06,0.166667,2.51256E-07,0.8153,1.05792,1.10056
625,0.661864,9.19536E-07,1.13739E-06,1.09841E-06,0.166667,2.51256E-07,0.609959,0.754469,0.728611
626,0.701943625,1.2703E-06,1.50198E-06,1.51633E-06,0.166667,2.51256E-07,0.842636,0.996316,1.00583
627,0.70530375,1.3569E-06,1.54101E-06,1.47957E-06,0.166667,2.51256E-07,0.90008,1.0222,0.981449
628,0.717812375,1.56409E-06,1.84356E-06,1.78475E-06,0.166667,2.51256E-07,1.03751,1.22289,1.18389
629,0.66781775,9.91216E-07,1.15295E-06,1.11042E-06,0.166667,2.51256E-07,0.657507,0.764788,0.736575
630,0.66883375,9.96248E-07,1.18647E-06,1.13443E-06,0.166667,2.51256E-07,0.660845,0.787022,0.752503
631,0.67372675,1.06247E-06,1.23605E-06,1.21326E-06,0.166667,2.51256E-07,0.704773,0.819913,0.804796
632,0.6767695,1.08536E-06,1.26096E-06,1.26939E-06,0.166667,2.51256E-07,0.719955,0.83644,0.842026
633,0.682372625,1.08315E-06,1.25495E-06,1.35271E-06,0.166667,2.51256E-07,0.71849,0.83245,0.897299
634,0.68544025,1.07327E-06,1.30099E-06,1.37728E-06,0.166667,2.51256E-07,0.711937,0.862989,0.913597
635,0.687459125,1.12898E-06,1.33538E-06,1.40348E-06,0.166667,2.51256E-07,0.74889,0.885802,0.930975
636,0.67097525,1.01983E-06,1.20985E-06,1.25487E-06,0.166667,2.51256E-07,0.676487,0.802536,0.832394
637,0.7024115,1.37697E-06,1.52324E-06,1.57127E-06,0.166667,2.51256E-07,0.913391,1.01042,1.04227
638,0.71772725,1.66194E-06,1.8302E-06,1.89167E-06,0.166667,2.51256E-07,1.10242,1.21403,1.25481
639,0.67294275,1.36514E-06,1.2243E-06,1.06662E-06,0.166667,2.51256E-07,0.905541,0.812122,0.707524
640,0.64614075,8.05189E-07,1.06329E-06,9.5565E-07,0.166667,2.51256E-07,0.534109,0.705316,0.633915
641,0.656638125,8.76893E-07,1.08609E-06,1.04598E-06,0.166667,2.51256E-07,0.581673,0.720441,0.693833
642,0.675198375,1.02221E-06,1.29972E-06,1.22858E-06,0.166667,2.51256E-07,0.678065,0.862148,0.814958
643,0.681847625,1.11181E-06,1.38954E-06,1.36874E-06,0.166667,2.51256E-07,0.737499,0.92173,0.907932
644,0.682931,1.18193E-06,1.34288E-06,1.39939E-06,0.166667,2.51256E-07,0.784016,0.890777,0.928259
645,0.681721,1.16125E-06,1.28974E-06,1.32803E-06,0.166667,2.51256E-07,0.770296,0.855527,0.880927
646,0.685836,1.23198E-06,1.32811E-06,1.39856E-06,0.166667,2.51256E-07,0.817211,0.880983,0.92771
647,0.68059075,1.19605E-06,1.25694E-06,1.29276E-06,0.166667,2.51256E-07,0.793381,0.833772,0.857533
648,0.68741375,1.27956E-06,1.37072E-06,1.3841E-06,0.166667,2.51256E-07,0.848774,0.909242,0.918119
649,0.664275875,1.04373E-06,1.05451E-06,1.12035E-06,0.166667,2.51256E-07,0.692341,0.699492,0.743166
650,0.666209375,9.65215E-07,1.18024E-06,1.17469E-06,0.166667,2.51256E-07,0.640259,0.782893,0.779209
651,0.676258,1.03126E-06,1.30452E-06,1.26846E-06,0.166667,2.51256E-07,0.684068,0.865331,0.841411
652,0.68766325,1.14263E-06,1.34093E-06,1.45276E-06,0.166667,2.51256E-07,0.757946,0.889486,0.963661
653,0.690138625,1.1444E-06,1.36768E-06,1.476E-06,0.166667,2.51256E-07,0.759119,0.90723,0.979079
654,0.697629250000001,1.24353E-06,1.48139E-06,1.65586E-06,0.166667,2.51256E-07,0.824872,0.982653,1.09839
655,0.695359375,1.26412E-06,1.49567E-06,1.58499E-06,0.166667,2.51256E-07,0.838535,0.99213,1.05138
656,0.695409625,1.2664E-06,1.44453E-06,1.53871E-06,0.166667,2.51256E-07,0.840047,0.958207,1.02068
657,0.691123375,1.2268E-06,1.34671E-06,1.39814E-06,0.166667,2.51256E-07,0.813778,0.89332,0.92743
658,0.515045875,1.78198E-07,3.00891E-07,3.15281E-07,0.166667,2.51256E-07,0.118204,0.199591,0.209136
659,0.524988125,1.83097E-07,2.99791E-07,3.25892E-07,0.166667,2.51256E-07,0.121454,0.198861,0.216175
660,0.527168625,2.35879E-07,2.83694E-07,3.62589E-07,0.166667,2.51256E-07,0.156466,0.188184,0.240517
661,0.53704125,2.48135E-07,3.10592E-07,3.80871E-07,0.166667,2.51256E-07,0.164596,0.206026,0.252644
662,0.54390575,2.68253E-07,3.5394E-07,3.90688E-07,0.166667,2.51256E-07,0.177941,0.23478,0.259157
663,0.564694125,3.51589E-07,5.06304E-07,3.73261E-07,0.166667,2.51256E-07,0.233221,0.335848,0.247596
664,0.49099875,1.54231E-07,2.04886E-07,2.44219E-07,0.166667,2.51256E-07,0.102307,0.135907,0.161999
665,0.527470125,2.13561E-07,2.92147E-07,3.57704E-07,0.166667,2.51256E-07,0.141662,0.193791,0.237277
666,0.526551,1.99341E-07,2.89184E-07,3.37086E-07,0.166667,2.51256E-07,0.132229,0.191825,0.2236
667,0.531747375,2.03218E-07,3.00145E-07,3.66458E-07,0.166667,2.51256E-07,0.134801,0.199096,0.243084
668,0.537414875,2.30005E-07,3.26525E-07,3.75867E-07,0.166667,2.51256E-07,0.15257,0.216595,0.249325
669,0.561473,3.04379E-07,3.92042E-07,3.79949E-07,0.166667,2.51256E-07,0.201904,0.260054,0.252033
670,0.61271925,5.63145E-07,6.04809E-07,4.86685E-07,0.166667,2.51256E-07,0.373553,0.40119,0.322835
671,0.618531875,6.59638E-07,5.5997E-07,5.65734E-07,0.166667,2.51256E-07,0.43756,0.371447,0.37527
672,0.488059875,1.27662E-07,2.15956E-07,2.42488E-07,0.166667,2.51256E-07,0.0846826,0.143251,0.16085
673,0.5669465,4.2528E-07,3.75997E-07,3.6038E-07,0.166667,2.51256E-07,0.282102,0.249412,0.239052
674,0.52920975,2.21255E-07,2.99008E-07,3.37093E-07,0.166667,2.51256E-07,0.146766,0.198342,0.223605
675,0.536480375,1.98204E-07,3.04833E-07,3.51458E-07,0.166667,2.51256E-07,0.131475,0.202206,0.233134
676,0.533828625,2.09388E-07,3.01192E-07,3.40925E-07,0.166667,2.51256E-07,0.138894,0.199791,0.226147
677,0.53066075,2.01308E-07,3.18868E-07,3.69192E-07,0.166667,2.51256E-07,0.133534,0.211516,0.244898
678,0.5455415,2.46392E-07,3.28015E-07,3.53803E-07,0.166667,2.51256E-07,0.16344,0.217583,0.234689
679,0.55434,3.24021E-07,3.2681E-07,3.66923E-07,0.166667,2.51256E-07,0.214934,0.216784,0.243392
680,0.55443125,3.16013E-07,3.09653E-07,3.79327E-07,0.166667,2.51256E-07,0.209622,0.205403,0.25162
681,0.498617,1.62693E-07,2.56202E-07,2.58025E-07,0.166667,2.51256E-07,0.107919,0.169947,0.171157
682,0.54148775,2.37062E-07,3.16952E-07,3.25993E-07,0.166667,2.51256E-07,0.157251,0.210245,0.216242
683,0.529175375,2.19961E-07,2.93609E-07,3.474E-07,0.166667,2.51256E-07,0.145907,0.19476,0.230442
684,0.530849,1.99721E-07,3.05869E-07,3.59896E-07,0.166667,2.51256E-07,0.132482,0.202893,0.238731
685,0.524353,1.87255E-07,2.83888E-07,3.27556E-07,0.166667,2.51256E-07,0.124212,0.188312,0.217279
686,0.52831575,2.00065E-07,2.9751E-07,3.18332E-07,0.166667,2.51256E-07,0.13271,0.197348,0.21116
687,0.53295675,2.22583E-07,3.31322E-07,4.11635E-07,0.166667,2.51256E-07,0.147647,0.219777,0.273051
688,0.5259655,1.93211E-07,2.95397E-07,3.12401E-07,0.166667,2.51256E-07,0.128163,0.195947,0.207226
689,0.52880925,2.07421E-07,2.81044E-07,3.15731E-07,0.166667,2.51256E-07,0.137589,0.186426,0.209435
690,0.503381875,1.97177E-07,2.49331E-07,2.76468E-07,0.166667,2.51256E-07,0.130794,0.16539,0.18339
691,0.530247875,2.15771E-07,2.86575E-07,3.21975E-07,0.166667,2.51256E-07,0.143128,0.190095,0.213577
692,0.52906325,2.06033E-07,3.34448E-07,3.73964E-07,0.166667,2.51256E-07,0.136669,0.221851,0.248062
693,0.536104625,2.239E-07,3.86394E-07,4.99737E-07,0.166667,2.51256E-07,0.14852,0.256308,0.331492
694,0.526373125,1.97008E-07,3.39519E-07,3.72966E-07,0.166667,2.51256E-07,0.130682,0.225214,0.2474
695,0.5152575,1.80768E-07,2.8604E-07,3.09387E-07,0.166667,2.51256E-07,0.119909,0.18974,0.205227
696,0.51019175,1.67085E-07,2.60266E-07,2.93011E-07,0.166667,2.51256E-07,0.110833,0.172643,0.194364
697,0.542738625,2.69862E-07,4.24294E-07,4.58851E-07,0.166667,2.51256E-07,0.179008,0.281449,0.304371
698,0.51212475,1.67274E-07,2.54585E-07,2.96437E-07,0.166667,2.51256E-07,0.110958,0.168874,0.196637
699,0.524747,2.35042E-07,2.96147E-07,3.1869E-07,0.166667,2.51256E-07,0.155911,0.196444,0.211398
700,0.507765875,1.59098E-07,2.55608E-07,2.6233E-07,0.166667,2.51256E-07,0.105535,0.169553,0.174012
701,0.53161925,2.12639E-07,3.37431E-07,3.78188E-07,0.166667,2.51256E-07,0.141051,0.223829,0.250865
702,0.534233125,2.32364E-07,3.56993E-07,4.98896E-07,0.166667,2.51256E-07,0.154135,0.236805,0.330934
703,0.518911625,2.0218E-07,3.05995E-07,3.42362E-07,0.166667,2.51256E-07,0.134113,0.202977,0.2271
704,0.509293625,1.58443E-07,2.57494E-07,2.70652E-07,0.166667,2.51256E-07,0.105101,0.170805,0.179533
705,0.504768625,1.48906E-07,2.5613E-07,2.60427E-07,0.166667,2.51256E-07,0.0987744,0.169899,0.17275
706,0.4992845,1.36427E-07,2.24736E-07,2.55024E-07,0.166667,2.51256E-07,0.0904966,0.149075,0.169166
707,0.54996975,2.90734E-07,4.40801E-07,4.63382E-07,0.166667,2.51256E-07,0.192854,0.292398,0.307377
708,0.527309249999999,2.48043E-07,3.26501E-07,3.34985E-07,0.166667,2.51256E-07,0.164535,0.216579,0.222207
709,0.491994125,1.32241E-07,2.00514E-07,2.27625E-07,0.166667,2.51256E-07,0.08772,0.133007,0.150991
710,0.519463875,1.7801E-07,3.0221E-07,3.20887E-07,0.166667,2.51256E-07,0.11808,0.200466,0.212855
711,0.524383125,1.89114E-07,3.21444E-07,3.74188E-07,0.166667,2.51256E-07,0.125446,0.213225,0.248211
712,0.511360875,1.76157E-07,2.61314E-07,3.08745E-07,0.166667,2.51256E-07,0.116851,0.173338,0.204801
713,0.50815875,1.54767E-07,2.40562E-07,2.76482E-07,0.166667,2.51256E-07,0.102662,0.159573,0.1834
714,0.5011275,1.44634E-07,2.34308E-07,2.54515E-07,0.166667,2.51256E-07,0.0959403,0.155424,0.168828
715,0.49286375,1.28959E-07,2.20293E-07,2.35521E-07,0.166667,2.51256E-07,0.0855426,0.146128,0.156229
716,0.51100575,1.90735E-07,2.62356E-07,2.91528E-07,0.166667,2.51256E-07,0.126521,0.174029,0.19338
717,0.508901625,1.77306E-07,2.51128E-07,2.80072E-07,0.166667,2.51256E-07,0.117613,0.166582,0.185781
718,0.51432775,1.80178E-07,2.67849E-07,3.42848E-07,0.166667,2.51256E-07,0.119518,0.177673,0.227423
719,0.498965375,1.78123E-07,1.99415E-07,2.98345E-07,0.166667,2.51256E-07,0.118155,0.132279,0.197902
720,0.5036995,1.91975E-07,2.30547E-07,3.88154E-07,0.166667,2.51256E-07,0.127343,0.15293,0.257475
721,0.5024125,1.94195E-07,2.11664E-07,9.76581E-07,0.166667,2.51256E-07,0.128816,0.140404,0.647799
722,0.496442375,2.08977E-07,1.71014E-07,1.17058E-06,0.166667,2.51256E-07,0.138621,0.113439,0.776485
723,0.495923875,2.04484E-07,1.71353E-07,1.43506E-06,0.166667,2.51256E-07,0.135641,0.113664,0.951926
724,0.49564875,1.9617E-07,1.73102E-07,1.19107E-06,0.166667,2.51256E-07,0.130126,0.114824,0.790078
725,0.485020875,1.30444E-07,1.87371E-07,2.25029E-07,0.166667,2.51256E-07,0.086528,0.12429,0.149269
726,0.516891375,2.68695E-07,2.50165E-07,1.28529E-06,0.166667,2.51256E-07,0.178235,0.165943,0.852573
727,0.54319125,2.47989E-07,3.67126E-07,3.68518E-07,0.166667,2.51256E-07,0.164499,0.243527,0.244451
728,0.5350435,2.21935E-07,3.06125E-07,3.83912E-07,0.166667,2.51256E-07,0.147217,0.203063,0.254662
729,0.530570375,2.11017E-07,3.52792E-07,3.88471E-07,0.166667,2.51256E-07,0.139975,0.234019,0.257686
730,0.533076875,2.10175E-07,3.03025E-07,3.80546E-07,0.166667,2.51256E-07,0.139416,0.201006,0.252429
731,0.5334915,2.24319E-07,3.33013E-07,3.73782E-07,0.166667,2.51256E-07,0.148799,0.220899,0.247942
732,0.532547875,2.33975E-07,3.70966E-07,3.78511E-07,0.166667,2.51256E-07,0.155203,0.246074,0.251079
733,0.5349525,2.78453E-07,3.91957E-07,3.92127E-07,0.166667,2.51256E-07,0.184707,0.259998,0.260111
734,0.535408375,2.73471E-07,4.00499E-07,3.82585E-07,0.166667,2.51256E-07,0.181402,0.265664,0.253781
735,0.51616225,1.77777E-07,2.7863E-07,3.46167E-07,0.166667,2.51256E-07,0.117926,0.184825,0.229624
736,0.531140125,2.28382E-07,3.5648E-07,3.34201E-07,0.166667,2.51256E-07,0.151493,0.236465,0.221687
737,0.550983125,3.27903E-07,3.64412E-07,4.46798E-07,0.166667,2.51256E-07,0.217509,0.241727,0.296376
738,0.54465775,2.43155E-07,3.58797E-07,4.17895E-07,0.166667,2.51256E-07,0.161293,0.238002,0.277204
739,0.540128875,2.31233E-07,3.93695E-07,4.66503E-07,0.166667,2.51256E-07,0.153385,0.261151,0.309447
740,0.531486625,2.11716E-07,3.40657E-07,3.63563E-07,0.166667,2.51256E-07,0.140439,0.225969,0.241164
741,0.527880875,2.06426E-07,3.32291E-07,3.43456E-07,0.166667,2.51256E-07,0.136929,0.22042,0.227826
742,0.528232375,2.62695E-07,3.34E-07,3.47891E-07,0.166667,2.51256E-07,0.174254,0.221553,0.230768
743,0.520489125,2.45524E-07,3.1858E-07,3.18087E-07,0.166667,2.51256E-07,0.162864,0.211325,0.210998
744,0.5264475,2.02899E-07,3.15979E-07,3.3971E-07,0.166667,2.51256E-07,0.13459,0.2096,0.225341
745,0.512835625,1.93137E-07,2.6723E-07,2.9899E-07,0.166667,2.51256E-07,0.128114,0.177263,0.19833
746,0.550596375,3.27961E-07,3.56543E-07,4.25365E-07,0.166667,2.51256E-07,0.217548,0.236507,0.282159
747,0.54935175,2.62715E-07,3.86375E-07,4.45293E-07,0.166667,2.51256E-07,0.174267,0.256296,0.295378
748,0.53349025,2.02274E-07,3.3925E-07,3.60125E-07,0.166667,2.51256E-07,0.134175,0.225036,0.238883
749,0.546859,2.79608E-07,4.07143E-07,4.97951E-07,0.166667,2.51256E-07,0.185473,0.270072,0.330308
750,0.523577,1.77441E-07,2.97564E-07,3.02789E-07,0.166667,2.51256E-07,0.117702,0.197384,0.20085
751,0.522169375,1.93776E-07,2.95847E-07,2.99927E-07,0.166667,2.51256E-07,0.128538,0.196245,0.198951
752,0.515926875,1.93424E-07,2.74154E-07,2.96467E-07,0.166667,2.51256E-07,0.128304,0.181856,0.196656
753,0.5299335,2.10889E-07,3.48662E-07,3.27051E-07,0.166667,2.51256E-07,0.139889,0.231279,0.216944
754,0.509135125,1.70522E-07,2.53622E-07,2.82049E-07,0.166667,2.51256E-07,0.113113,0.168236,0.187092
755,0.54245625,2.65908E-07,3.16997E-07,3.96678E-07,0.166667,2.51256E-07,0.176385,0.210275,0.26313
756,0.551453125,2.88859E-07,3.83131E-07,4.63343E-07,0.166667,2.51256E-07,0.19161,0.254143,0.307351
757,0.54207125,2.41188E-07,3.54223E-07,4.07524E-07,0.166667,2.51256E-07,0.159988,0.234968,0.270324
758,0.52863225,1.86068E-07,3.22956E-07,3.39468E-07,0.166667,2.51256E-07,0.123425,0.214228,0.22518
759,0.546091375,2.68218E-07,4.15647E-07,4.93442E-07,0.166667,2.51256E-07,0.177918,0.275713,0.327316
760,0.5259835,1.88827E-07,3.31198E-07,3.27117E-07,0.166667,2.51256E-07,0.125255,0.219695,0.216987
761,0.525015125,1.93507E-07,3.17004E-07,3.27318E-07,0.166667,2.51256E-07,0.12836,0.210279,0.217121
762,0.528281625,1.93771E-07,3.79337E-07,3.44877E-07,0.166667,2.51256E-07,0.128534,0.251627,0.228769
763,0.510127,1.63615E-07,2.70897E-07,2.58569E-07,0.166667,2.51256E-07,0.108531,0.179695,0.171518
764,0.543980625,2.67772E-07,3.55565E-07,4.17834E-07,0.166667,2.51256E-07,0.177622,0.235858,0.277163
765,0.552631375,3.06475E-07,3.76972E-07,4.67705E-07,0.166667,2.51256E-07,0.203295,0.250058,0.310244
766,0.548255125,2.81191E-07,3.6502E-07,4.52137E-07,0.166667,2.51256E-07,0.186523,0.24213,0.299917
767,0.5348325,2.10352E-07,3.22584E-07,3.654E-07,0.166667,2.51256E-07,0.139533,0.213981,0.242382
768,0.53257825,2.02452E-07,3.38115E-07,3.55294E-07,0.166667,2.51256E-07,0.134293,0.224283,0.235679
769,0.553798125,3.01081E-07,4.21234E-07,5.00357E-07,0.166667,2.51256E-07,0.199717,0.279419,0.331903
770,0.534911375,2.08087E-07,3.37179E-07,3.34843E-07,0.166667,2.51256E-07,0.138031,0.223662,0.222113
771,0.525235625,1.92488E-07,3.58588E-07,3.38654E-07,0.166667,2.51256E-07,0.127684,0.237863,0.224641
772,0.52049175,1.83702E-07,2.75075E-07,2.92174E-07,0.166667,2.51256E-07,0.121856,0.182466,0.193809
773,0.53810025,2.96431E-07,3.10724E-07,3.74615E-07,0.166667,2.51256E-07,0.196633,0.206114,0.248495
774,0.546861875,2.69157E-07,4.05441E-07,4.06941E-07,0.166667,2.51256E-07,0.178541,0.268942,0.269938
775,0.54678825,2.84734E-07,3.84614E-07,4.31838E-07,0.166667,2.51256E-07,0.188873,0.255127,0.286452
776,0.540481625,2.57037E-07,3.37242E-07,4.15408E-07,0.166667,2.51256E-07,0.170501,0.223704,0.275554
777,0.5408635,2.31018E-07,3.44408E-07,3.69172E-07,0.166667,2.51256E-07,0.153242,0.228457,0.244884
778,0.5332675,2.1415E-07,3.08007E-07,3.37334E-07,0.166667,2.51256E-07,0.142053,0.204311,0.223765
779,0.53257025,2.06844E-07,3.20547E-07,3.1839E-07,0.166667,2.51256E-07,0.137206,0.21263,0.211198
780,0.523451625,1.71198E-07,3.17505E-07,3.05376E-07,0.166667,2.51256E-07,0.113561,0.210612,0.202566
781,0.55084025,2.91506E-07,4.20373E-07,4.51565E-07,0.166667,2.51256E-07,0.193366,0.278847,0.299538
782,0.5478425,2.84723E-07,3.66918E-07,4.01802E-07,0.166667,2.51256E-07,0.188866,0.243389,0.266529
783,0.5318275,2.18625E-07,3.31855E-07,3.38013E-07,0.166667,2.51256E-07,0.145021,0.220131,0.224215
784,0.52929425,2.19862E-07,3.38232E-07,3.78662E-07,0.166667,2.51256E-07,0.145842,0.224361,0.251179
785,0.52727625,1.98E-07,3.20376E-07,3.5916E-07,0.166667,2.51256E-07,0.13134,0.212516,0.238243
786,0.52407075,1.96114E-07,2.85093E-07,3.30206E-07,0.166667,2.51256E-07,0.130089,0.189112,0.219037
787,0.5240295,1.95608E-07,2.65509E-07,3.30386E-07,0.166667,2.51256E-07,0.129753,0.176121,0.219156
788,0.528508875,2.08403E-07,2.99968E-07,3.57316E-07,0.166667,2.51256E-07,0.138241,0.198979,0.23702
789,0.522471625,1.72567E-07,2.97843E-07,3.12672E-07,0.166667,2.51256E-07,0.114469,0.197569,0.207406
790,0.55165575,3.15712E-07,4.29645E-07,4.61759E-07,0.166667,2.51256E-07,0.209422,0.284998,0.3063
791,0.535288,2.56057E-07,3.18703E-07,4.07688E-07,0.166667,2.51256E-07,0.169851,0.211406,0.270433
792,0.559028375,3.21282E-07,4.15233E-07,4.96735E-07,0.166667,2.51256E-07,0.213117,0.275438,0.329501
793,0.5723845,3.67036E-07,4.79415E-07,6.05732E-07,0.166667,2.51256E-07,0.243468,0.318012,0.401802
794,0.5809125,4.45408E-07,4.91893E-07,6.229E-07,0.166667,2.51256E-07,0.295454,0.326289,0.41319
795,0.61587975,6.0406E-07,5.54051E-07,6.95763E-07,0.166667,2.51256E-07,0.400693,0.36752,0.461523
796,0.619344125,6.09142E-07,5.26274E-07,6.17426E-07,0.166667,2.51256E-07,0.404064,0.349095,0.409559
797,0.54079225,3.92006E-07,2.90884E-07,4.16131E-07,0.166667,2.51256E-07,0.260031,0.192953,0.276034
798,0.5927125,3.98026E-07,5.11911E-07,5.37216E-07,0.166667,2.51256E-07,0.264024,0.339568,0.356354
